Date,A,AAL,AAP,AAPL,ABBV,ABC,ABT,ACN,ADBE,ADI,ADM,ADP,ADS,ADSK,AEE,AEP,AES,AET,AFL,AGN,AIG,AIV,AIZ,AJG,AKAM,ALB,ALGN,ALK,ALL,ALLE,ALXN,AMAT,AMD,AME,AMG,AMGN,AMP,AMT,AMZN,ANDV,ANSS,ANTM,AON,AOS,APA,APC,APD,APH,ARE,ATVI
8/31/2016,46.98,36.3,157.38,106.1,64.1,86.97,42.02,115,102.31,62.56,43.76,89.81,204.58,67.4,49.42,64.57,12.07,117.12,74.18,234.54,59.83,45.18,89.55,49.41,54.9,79.97,92.9,67.53,68.96,71.22,125.86,29.84,7.4,48.75,142.05,170.06,101.08,113.38,769.16,75.42,95.09,125.08,111.35,48.24,49.7,53.47,143.87138,62.31,110.09,41.37
9/1/2016,46.99,36.24,158.76,106.73,64.03,87.15,42.3,115.06,102.9,63.06,43.14,90.63,210.19,67.37,49.15,64.41,12.01,116.16,73.87,237.76,59.41,45.38,89.26,49.42,55.07,81.3,93.76,67.26,68.66,71.84,125.63,30.29,7.35,48.78,139.81,170.13,99.89,113.82,770.62,73.31,94.58,123.36,111.35,48.18,49.79,53.54,144.50005,62.33,109.99,42.15
9/2/2016,47,36.53,158.57,107.73,64.12,87.44,42.09,115.66,103.57,63.15,43.82,90.39,209.9,68.01,49.66,65.24,12.23,116.73,73.99,235.96,59.86,45.82,90.24,49.99,55.33,81.96,95.78,68.21,68.95,72.39,123.67,30.02,7.51,49.15,140.45,169.77,101.11,115.09,772.44,74.55,95.66,124.24,112.1,48.49,51.29,56.49,145.23041,62.58,111.85,42.8
9/6/2016,46.95,36.96,160.14,107.7,64.61,87.63,42.16,115.36,103.5,62.73,43.94,89.86,213.08,67.69,49.84,66.04,12.84,116.37,73.66,239.12,59.45,46.75,89.88,50.05,55.5,83.04,95.26,69,69.31,72.07,125.85,29.98,7.34,48.92,141.81,170.84,100.66,117.15,788.87,76.65,95.3,124.29,112.21,47.89,51.67,57.19,145.517,62.66,112.41,43.51
9/7/2016,47.11,38.75,161.88,108.36,64.97,87.75,41.9,115.12,103,61.65,44.02,89.96,215.7,68.6,50.02,66.05,13.03,116.47,73.53,238.42,59.37,46.85,90.13,50.45,54.08,82.95,96.29,71.03,69.44,70.89,125.09,29.91,6.84,48.74,147.71,170.63,100.76,116.83,784.48,79.68,95.21,125.85,112.27,47.98,55.13,57.18,145.517,62.87,114.52,43.38
9/8/2016,47.02,39.35,158.87,105.52,64.06,87.27,41.85,112.3,101.88,61.41,43.24,89.47,217.26,68.81,49.85,66.1,12.95,116.54,72.94,241.69,59.04,45.55,89.95,50.29,53.5,80.92,95.4,71.32,69.22,69.88,130.06,29.79,6.225,48.47,147.53,170.97,100.75,116.25,784.06,81.5,94.62,127.67,111.6,48.415,59.05,59.06,144.121,62.89,113.59,43.3
9/9/2016,44.88,38.49,152.96,103.13,63.36,85.31,41.01,110.39,99.38,59.62,42.02,86.57,208.66,66.84,48.06,63.71,12.33,115.55,72.4,236.39,58.67,43.83,89.23,49.17,52.5,76.82,91.79,68.86,67.96,66.83,124.92,28.86,5.9,47.78,144.01,166.55,99.41,110.19,760.14,79.14,92.61,126.89,108.93,45.54,59.4,57.77,140.09016,61.29,106.31,42.29
9/12/2016,45.75,38.34,153.37,105.44,64.08,86.95,41.42,112.76,100.32,60.62,42.96,88.14,216.49,67.35,48.86,64.71,12.59,116.22,73.42,240.23,58.99,44.53,90.3,50.19,53.09,77.44,93.12,69.79,68.48,67.38,129.29,29.59,5.94,48.5,147.68,172.04,101.52,111.27,771.49,81.54,93.53,128.58,111.11,46.505,59.9,57.79,139.21188,62.17,108.82,43.46
9/13/2016,44.9,37.37,151.18,107.95,63.34,85.25,40.64,110.53,98.77,60.45,42,86.69,213.41,65.78,48.1,63.81,12.39,113.99,71.83,240.1,58.23,43.3,88.47,49.62,51.87,76.09,91.98,68.32,67.92,66.58,126.79,29.38,5.74,47.91,144.76,169.3,99.24,108.11,761.01,81.15,92.34,124.57,109.57,45.8,57.51,57.59,136.55856,61.61,104.43,43.41
9/14/2016,44.86,36.39,150.72,111.77,63.34,83.85,40.81,109.8,98.79,60.92,41.98,86.69,213.21,65.51,48.49,64.02,12.32,112.81,71.8,244.81,58.08,43.68,87.33,49.42,51.65,75.72,92.35,66.65,67.39,66.09,129.42,29.43,6.04,47.51,143.91,170.14,99.21,108.37,761.09,79.76,92.4,123.29,108.98,45.855,56.75,55.62,135.73575,61.78,105.18,43.66
9/15/2016,45.44,36.41,148.94,115.57,63.35,84.2,41.12,110.72,99.62,62.65,42.28,87.48,215.4,67.39,48.65,64.3,12.55,114.43,72.34,246.44,58.59,43.84,87.88,50.02,51.38,77.25,92.93,66.81,67.82,66.85,129.7,30.15,6.02,47.6,146.74,172.64,100.92,109.08,769.69,81.25,93.58,124.34,110.31,46.64,58.7,56.93,135.51387,62.79,105.67,44.59
9/16/2016,44.79,35.49,148.11,114.92,63.27,84.11,41.87,109.88,98.93,62.05,42.03,86.75,214.48,67.6,49.38,64.81,12.54,115.06,71.34,245.19,57.9,43.78,87.86,49.65,50.98,76.73,93.84,65.7,67.41,66.25,131.46,30.05,6.05,46.77,144.55,172.96,99.31,108,778.52,81.98,91.92,125.52,109.4,46.07,58.56,57.52,134.79276,62.95,106.25,44.42
9/19/2016,44.95,35.44,148.44,113.58,62.91,83.26,41.68,110.5,99.68,62.46,42.18,86.56,216.04,68.13,50.04,65.42,12.7,114.83,72.02,245.29,57.84,44.17,89.62,49.9,51.62,77.64,94.13,65.69,67.46,67.37,131.18,30.3,6.16,47.09,145.19,171.38,99.96,109.2,775.1,83.54,92.12,126.32,109.98,46.58,57.85,57.52,135.71725,63.76,108,44.12
9/20/2016,45.71,35.15,145.89,113.57,63.28,82.08,41.58,110.7,100.62,62.34,42.15,87.79,213.74,68.79,50.1,65.01,12.78,114.63,72.45,238.67,57.84,44.64,89.3,50.08,51.36,76.79,93.7,65.5,67.87,67.36,131.73,30.39,6.17,46.78,142.85,173.38,99.37,108.65,780.22,81.02,92.06,125.76,110.31,46.64,57.49,58.28,135.96687,64.13,108.06,44.13
9/21/2016,46.04,34.67,146.33,113.55,64.1,83.02,41.92,111.7,107.78,63.3,42.81,88.88,215.63,71.69,51.14,66.19,13.1,116.69,73.5,238.41,58.09,45.38,90.7,50.66,52.21,80.19,95.34,66.7,68.66,67.88,130.36,30.57,6.29,47.33,144.63,173.85,100.86,110.1,789.74,81.79,93.22,128.59,112.11,47.43,60.89,61.06,137.5108,64.9,110.36,44.67
9/22/2016,46.67,35.25,149.15,114.62,65.08,83.59,42.22,113.66,107.92,63.68,42.98,89.46,218.06,72.35,51.41,66.6,13.19,116.93,73.52,243.43,58.99,46.58,91.28,51.1,52.43,81.2,95.67,66.04,68.94,69.05,133.69,30.29,6.37,48.11,147.29,175.62,100.89,112.28,804.7,82.95,93.21,128.42,113.36,48.45,61,61.21,136.96533,65.68,113.03,44.51
9/23/2016,46.61,35.55,149.24,112.71,64.98,83.33,42.19,113.09,107.47,63.23,42.47,88.47,216.99,71.67,51.7,66.66,13.26,115.63,72.74,243.94,58.73,46.95,90.14,50.68,52.25,80.75,94.13,65.77,68.49,68.67,127.22,29.66,6.55,47.37,144.43,174.8,99.64,112.99,805.75,83.61,92.3,126.56,112.15,48.44,60.02,59.5,136.32744,64.42,113.39,44.36
9/26/2016,46.57,34.93,150.1,112.88,64.07,82.72,41.68,113.73,107.26,62.28,41.9,88.19,211.44,71.08,51.48,66.36,13.12,114.93,72.02,238.68,58.25,47.59,89.94,50.42,51.76,81.7,93.09,64.6,68.39,68.25,124.51,29.35,6.32,47.05,141.16,173.53,97.86,112.69,799.16,81.85,91.42,125.08,111.62,48.105,59.94,58.54,137.15024,64.04,113.81,43.98
9/27/2016,46.7,36,151.01,113.09,64.57,83.25,42.33,116.13,109.7,63.81,41.89,88.95,213.47,71.9,50.56,65.5,13.08,115.74,72.42,239.36,58.51,47.16,90.71,50.8,52.65,82.75,94.44,65.99,68.98,68.94,125.98,29.64,6.54,47.57,141.72,171.63,98.37,112.58,816.11,82.89,91.84,126.3,112.4,49.265,59.59,58.27,137.60324,64.5,112.54,44.21
9/28/2016,47.18,35.84,149,113.95,64.22,83.2,42.29,116.65,109.49,63.93,41.85,87.45,214.21,72.65,50.36,65.36,13.15,116.26,72.47,237.79,59.5,47.38,91.77,50.97,52.28,84.87,94.6,66.2,69.1,69.41,123.76,29.74,6.59,47.98,143.66,169.71,99.15,112.63,828.72,82.86,91.94,127.37,112.28,49.545,63.7,61.27,138.47227,64.98,112.8,44.16
9/29/2016,46.41,35.82,146.74,112.18,62.82,81.25,41.44,121.64,107.8,63.74,41.53,87.21,212.95,71.59,49.6,64.5,12.9,115.03,71.56,230.8,58.4,46.6,91.47,50.32,52.41,83.15,92.41,65.31,68.64,68.26,120.06,29.58,6.67,47.23,140.61,165.45,97.42,113.48,829.05,77.57,91,124.93,110.92,48.955,63.74,62.58,139.14716,64.68,109.79,44.21
9/30/2016,47.09,36.61,149.12,113.05,63.07,80.78,42.29,122.17,108.54,64.45,42.17,88.2,214.53,72.33,49.18,64.21,12.85,115.45,71.87,230.31,59.34,45.91,92.25,50.87,52.99,85.49,93.75,65.86,69.18,68.91,122.54,30.15,6.91,47.78,144.7,166.81,99.77,113.33,837.31,79.56,92.61,125.31,112.49,49.395,63.87,63.36,138.98999,64.92,108.77,44.3
10/3/2016,47.14,37.7,146.94,112.52,63.23,80.12,42.55,120.86,108.45,64.25,42.9,87.63,216.9,71.18,48.63,63.51,12.47,114.72,71.57,232.75,58.92,44.72,90.54,50.46,53.71,84.83,90.21,67.09,68.4,68.17,122.14,29.92,6.95,47.43,146.4,167.34,100.83,112.25,836.74,79.43,91.87,122.9,112.01,49.81,63.95,63.42,140.57,64.4,106.31,44.1
10/4/2016,46.83,37.63,146.54,113,63,80.53,42.1,118.24,108.39,64.24,42.79,87.17,212.71,71.42,47.38,62.18,11.95,114.77,71.5,235.78,59.08,43.97,90.4,50.28,54.64,82.62,89.46,68.71,67.84,67.38,123.41,29.61,6.97,47.13,147.07,167.55,101.03,110.61,834.03,80.24,91.74,122.44,111.38,50.16,63.79,63.47,137.32,64.3,105.53,44.13
10/5/2016,47.15,37.87,148.93,113.05,63.39,80.03,42.74,118.21,108.8,64.68,43.27,87.58,216.28,73.21,47.71,62.18,11.86,114.98,71.9,235.71,59.9,42.23,90.94,50.42,55.98,83.44,89.48,68.31,67.81,67.55,125.51,29.94,6.78,48.12,152.79,167.24,103.19,107.44,844.36,82.41,92.38,122.07,111.75,50.865,64.65,64.14,136.98,64.9,103.44,44.53
10/6/2016,47.3,38.17,148.71,113.89,62.83,80.14,42.97,118.52,108.56,64.74,43.16,87.56,214.05,72.83,47.59,62.25,11.66,113.99,72.07,237.41,59.95,42.01,89.94,50.76,54.86,83.64,89.44,69.09,67.77,67.95,122.89,29.89,6.96,48.19,154.44,166.9,102.81,108.51,841.66,81.28,92.11,122.35,113.18,51.41,64.09,63.85,137.03,65.52,104.03,43.99
10/7/2016,47.38,37.73,148.13,114.06,62.93,79.39,42.97,116,108.64,64.42,42.65,87.37,208.93,72.01,47.43,61.79,11.59,113.72,71.38,238.92,60.06,41.96,89.93,50.57,54.95,82.37,89.68,68.11,68.43,66.88,125.05,29.75,6.75,47.74,153.06,167.5,101.16,108.51,839.43,79.98,91.4,121.9,112.5,49.97,63.33,63.46,135.08,65.37,103.88,43.92
10/10/2016,47.69,38.89,148.06,116.05,63.31,79.64,43.5,117.46,109.24,63.35,43.27,87.77,208.78,72.21,47.7,62.21,11.67,114.71,71.68,242.65,60.44,42.36,90.8,50.53,55.31,83.48,91.08,69.91,68.49,67.28,126.05,29.38,6.84,47.54,151.27,168.31,101.62,109.43,841.71,80.31,91.57,124.8,111.97,50.09,64.16,64.39,135.4,64.86,104.2,43.79
10/11/2016,45.69,38.2,146.76,116.3,62.39,79.61,41.16,116.97,107.37,62.1,42.34,86.09,208.25,70.17,46.88,61.34,11.52,112.07,70.98,237.95,59.86,42.28,90.5,49.82,54.13,81.72,89.61,69.33,68.2,66.23,121.77,28.64,6.5,46.4,146.64,164.32,99.69,108.94,831,81.27,91.15,121.9,109.85,49.54,62.87,63.72,132.65,64,101.92,42.9
10/12/2016,45.47,37.38,147.96,117.34,61.21,80.61,40.98,117.62,108.05,61.19,42.39,86.87,208.27,70.33,47.59,62,11.67,110.37,71.62,230.54,60.44,42.68,91.13,50.47,54.28,81.15,90.26,70.43,69.04,67.03,118.75,28.64,6.62,46.24,145.81,163.88,100.09,111.54,834.09,80.74,91.86,120.85,110.7,49.86,62.71,63.93,132.81,63.96,103.25,43.33
10/13/2016,45.16,39.24,146.78,116.98,61.15,80.38,40.98,118.11,108.01,60.71,42.25,86.89,206.84,69.29,48.04,62.53,11.73,109.78,70.61,232.36,59.59,43.11,90.09,50.07,54.45,80.44,90.95,72.96,69.09,66.54,119.61,27.86,6.49,45.7,142.63,164.29,98.7,112.7,829.28,81.76,91.75,121,110.19,49.29,62.07,64.07,132.26,63.3,103.9,43.16
10/14/2016,45.08,38.65,146.64,117.63,60.17,79.79,40.79,118.25,107.84,62.06,42.13,87.56,209.77,69.46,48.03,62.3,11.57,109.64,70.96,227.55,59.86,42.79,90.98,50.24,54.66,80.86,90.88,72.31,69.33,67.69,118.34,28.07,6.75,45.84,142.34,161.9,97.08,113.35,822.96,81.66,91.15,121.09,110.69,48.93,61.77,63.37,132.65,63.56,103.87,43.69
10/17/2016,45.15,38.58,143.27,117.55,60.14,79.74,40.59,116.85,107.49,61.7,41.85,87.24,206.45,68.85,48.18,62.97,11.71,108.49,70.62,223.99,60.29,43.09,91.26,49.91,54.94,81.26,89.79,71.94,69.34,68.34,119.47,27.8,6.67,45.45,139.82,162.62,96.4,113.34,812.95,80.47,90.97,118.28,109.97,49.36,61.85,62.51,132.28,63.05,104.16,43.53
10/18/2016,45.44,39.35,142.99,117.47,61.55,81.09,41.17,117.53,108.42,62.14,41.98,87.38,211.07,70.13,48.91,63.37,11.87,111.43,70.3,227.94,60.49,42.93,91.3,50.02,55.92,81.66,90.41,72.11,69.29,67.9,121.34,28.02,6.73,45.65,141.39,162.8,97.13,114.15,817.65,81.44,91.39,123.15,110.59,49.2,62.83,62.97,133.82,63.21,105.05,44.18
10/19/2016,46.02,40.63,142.23,117.12,61.43,80.35,40.01,116.82,108.39,61.91,42.22,87.43,214.78,70.78,48.7,63.19,12.12,111.06,70.54,228.91,60.71,43.33,83.65,50.02,56.62,82.59,91.01,73.46,69.43,67.2,120.31,28.32,6.77,45.67,141.78,161.08,98.09,115.32,817.69,79.82,91.5,123.83,110.7,48.8,64.32,63.93,133.91,64.71,105.28,43.79
10/20/2016,46.05,40.59,141.3,117.06,61.76,80.74,40.74,116.05,109.03,63.47,42.18,86.84,204.77,71.13,48.62,62.91,12.05,110.93,69.76,233.08,60.07,43.34,83.39,49.18,56.73,83.02,91.53,75.29,68.23,67.28,122.47,28.38,6.96,45.47,140.98,161.5,97.85,114.83,810.32,80.85,91.19,124.03,110.02,48.46,63.48,63.76,134.39,66.43,106.32,44.32
10/21/2016,45.57,39.9,141.93,116.6,60.98,80.02,40.5,115.59,109.03,62.91,42.32,86.72,199.95,71.18,48.47,62.48,12.02,111.25,69.38,230.47,60,43.38,82.81,48.97,57.67,82.2,89.5,74.56,67.55,67.18,120.26,28.43,6.52,45.25,141.37,158.51,97.57,115.71,818.99,81.8,91.11,123.5,109.55,48.09,62.19,63.54,134.44,65.96,106.75,44.54
10/24/2016,45.85,39.83,141.1,117.65,61.12,80.04,40.41,115.8,110.81,64.02,42.51,87.67,206.49,72.22,48.65,63.03,12.05,112.02,70.02,225.93,60.32,43,82.89,48.55,58.84,83.36,89.26,73.61,67.72,67.76,121.61,29.15,7.005,45.12,142.71,158.76,97.98,116.75,838.09,81.9,92.38,124.49,110.03,48.38,61.58,62.99,134.81,65.99,106.72,45.47
10/25/2016,43.51,39.69,143.81,118.25,61.55,80.39,40.19,115.27,109.03,64.06,42.53,87.5,203.9,71.36,49.03,63.46,12.02,111.64,69.64,225.29,60.55,42.92,82.25,48.37,59.07,82.1,87.5,72.4,67.61,65.52,121.41,28.86,7.5,44.8,141.77,157.895,97.23,116.75,835.18,82.8,91.12,124.5,107.79,46.74,60.57,61.05,133.51,65.19,107.34,45.06
10/26/2016,43.37,39.32,143.96,115.59,61.02,79.37,39.96,115.45,107.97,63.44,43.28,87.19,202.88,70.66,49.1,63.53,12,111.01,69.8,221.99,61.11,43.13,81.93,48.51,67.7,81.09,84.52,71.13,67.94,65.59,121.59,28.85,7.29,44.83,140.98,158.99,90.13,115.67,822.59,84.33,91.1,124.17,108.19,45.39,61.68,60.9,132.98,65.53,106.16,44.44
10/27/2016,43.38,39.91,139.22,114.48,61.46,79.5,40.29,115.46,107.07,63.27,43.08,86.66,202.56,70.58,48.74,63.19,11.82,110.83,70.21,221.52,61.42,42.11,80.17,48.1,68.81,82.05,84.14,71.12,67.59,62.84,131.37,28.86,7.11,44.19,138.92,160.57,90.89,115.4,818.36,83.21,90.79,123.49,108.42,44.9,61.7,61.42,133.4,65.37,105.12,43.72
10/28/2016,43.22,40.06,140.2,113.72,57.6,69.14,39.54,115.67,107.6,63.53,43.59,87.16,203.83,71.86,48.87,63.41,11.65,107.39,68.51,213.44,61.28,42.85,79.98,48.33,69.91,82.91,85.17,71.78,67.53,63.59,135.59,28.66,7.2,44.13,137.84,145.18,89.23,116.13,776.32,83.52,91.4,121.62,111.3,44.99,60.72,61.46,133.81,65.49,104.91,43.32
10/31/2016,43.57,40.6,140.08,113.54,55.78,70.32,39.24,116.24,107.51,64.1,43.57,87.06,204.47,72.28,49.95,64.84,11.77,107.35,68.87,208.94,61.7,44.07,80.52,48.23,69.47,83.55,85.92,72.22,67.9,63.84,130.5,29.08,7.23,44.1,132.66,141.16,88.39,117.19,789.82,84.97,91.35,121.86,110.83,45.17,59.48,59.44,133.42,65.93,107.81,43.17
11/1/2016,43.49,39.8,139.79,111.49,56.45,69.79,39.05,116.14,106.87,63.6,46.75,86.92,201.74,70.1,49.17,63.38,11.65,105.82,68.39,208.65,60.68,43.63,79.36,47.65,68.1,82.9,84.56,71.43,67.21,63.46,131.42,28.9,7.09,44.89,134.34,140.76,87.7,115.15,785.41,83.17,89.96,117.42,108.81,44.72,59.53,59.95,132.26,66.02,107.35,42.6
11/2/2016,43.26,39.71,138.14,111.59,56.79,75.96,38.7,118.61,105.89,63.66,47.26,89.98,200.03,68.68,48.65,62.61,11.46,105.7,68.39,197.89,60.55,43.93,78.72,47.35,67.31,82.25,85.21,70.96,67.34,63.35,127.74,28.59,6.76,44.1,131.57,138.7,86.76,112.91,765.56,79.94,89.52,122.99,107.54,44.02,59.46,60.14,133.55,65.11,104.55,42.6
11/3/2016,43.66,39.38,138.85,109.83,55.89,72.32,38.38,116.95,107.17,63.85,47.43,89.33,200.05,67.61,49.07,62.92,11.75,105.2,68.84,188.82,58.15,43.75,80.38,47.67,66.52,83.8,86.08,69.66,68.09,63.29,127.52,28.27,6.7,44.26,132.86,135.22,87.55,113.27,767.03,79.66,83.49,120.03,108.48,43.81,55.52,60.25,133.09,64.89,102.5,43.37
11/4/2016,44.32,39.74,136.19,108.84,56.04,70.47,39.09,117.23,106.2,63.43,46.92,89.08,199.8,69.44,49.36,62.4,12.11,106.1,68.56,195,57.38,44.33,79.73,47.48,65.81,83.48,85.73,70.26,66.72,63.64,129,28.22,6.56,44.39,132.29,135.4,87.77,112.98,755.05,79.92,83.62,119.29,107.79,44.86,56.14,58.62,133.37,64.91,103,41.7
11/7/2016,45.71,41.49,137.54,110.41,58.91,71.93,39.86,119.97,108.66,64.36,47.05,90.6,203.79,72,50.81,63.24,12.41,109.74,69.59,199.45,59.28,44.2,79.98,48.57,66.52,86.28,87.86,72.57,66.86,65.42,120.05,29.33,6.96,44.86,133.03,139.21,91.2,115.19,784.93,80.43,85.77,123.49,111.39,45.57,57.45,60.21,137.08,66.54,106.03,41.09
11/8/2016,45.62,41.7,137.67,111.06,58.81,69.03,39.83,119.81,108.39,64.85,47.72,91.15,201.55,72.69,51.21,63.23,12.43,112.77,70.09,195.8,59.5,44.86,80.09,48.93,66.37,82.75,88.79,72.71,67.58,65.71,119.35,29.51,7,45.41,131.75,138.45,90.73,115.93,787.75,79.96,86.94,126.84,112.15,45.99,56.93,59.73,136.93,66.81,107.08,41.01
11/9/2016,45.94,42.41,140.33,110.88,62.64,75.61,40.07,117.21,107.86,64.97,46.28,90.9,207.32,72.63,49.05,61.25,12.01,118.02,71.6,212.9,60.93,43.53,82.02,49.9,66.53,80.42,90.88,73.18,68.17,66.75,127.16,29.13,6.94,46.8,139.32,146.42,102,109.22,771.88,83.24,88.33,128.75,110.93,47.58,58.02,61.19,137.22,67.35,109.06,40.15
11/10/2016,47.03,42.3,145.82,107.79,64,79.59,40.61,120.33,104.08,64.25,45.18,91.39,209.79,73.49,47.8,59.74,11.47,119.9,73.25,216.39,63.21,42.28,83.49,51.2,66.22,81.52,90.6,74.97,69.45,69.11,126.88,28.18,6.295,47.92,147.73,151.57,109.89,105.71,742.38,84.61,87.54,133.86,112.74,48.31,58.32,61.87,139.98,66.47,105.93,38.7
11/11/2016,46.37,42.93,145.02,108.43,63.1,78.92,40.14,119.18,103.68,65.32,41.73,91.08,211.72,73.81,47.77,59.99,11.26,119.28,72.61,207.57,63.32,41.97,82.99,51.54,65.45,80.43,91.54,75.23,69.64,69.31,113.62,28.82,6.685,47.28,144.33,149.04,110.85,105.71,739.01,85.38,88.9,133.68,110.49,48.06,57.72,61.04,138.54,66.63,104.46,39.41
11/14/2016,45.33,43.4,142.9,105.71,62.97,81.33,39.2,117.25,102.42,66.46,42.88,91.89,210.8,73.55,48.62,58.72,11.22,123.98,72.28,202.1,64.45,42.8,86.01,52.12,65.44,77.08,90.22,77.83,70.69,68.59,118.89,28.99,6.79,47.84,143.44,146.42,114.26,102.57,719.07,86.31,90.61,138.6,110.19,47.56,58.93,60.5,137.98,66.63,106.24,37.77
11/15/2016,45.4,44.76,164.33,107.11,62.87,79.53,39.81,115.99,103.66,68.21,43.49,92.34,210.14,75.15,49.27,59.46,11.54,123.59,72.5,196.44,64.6,41.03,86,51.07,65.47,80.12,93.95,78.24,71.3,68.77,120.36,29.61,6.97,48.07,142.78,147.06,114.22,103.49,743.24,86.03,91.26,138.42,110.13,47.53,63.39,62.56,138.14,67.13,106.6,38.53
11/16/2016,46.18,44.45,162.98,109.99,61.54,78.86,39.95,117.32,104.08,67.88,43.26,93.27,210.71,77.57,48.47,58.99,11.35,123.3,71.83,195.54,64.1,40.76,86.35,50.86,65.9,81.55,94.04,77.77,70.72,67.57,122.51,30.02,7.67,47.46,142.93,147.23,114,105.43,746.49,85.74,92.88,138.39,109.97,46.95,62.45,61.94,138.74,67.8,106.9,38.97
11/17/2016,45.94,45.83,166.32,109.95,61.7,80.16,40.39,118.37,105.81,68.21,43,94.38,217.55,78.46,48.51,58.86,11.43,126.2,72.39,199.98,64.23,40.4,86.32,51.63,66.6,82.97,97.24,78.85,71.78,68.28,122.97,30.73,8.46,48.2,142.6,147.36,113.59,105.54,756.4,86.56,93.53,137.88,111.43,47.1,61.4,61.45,138,68.01,107.31,39.94
11/18/2016,45.04,46.26,162.57,110.06,60.52,79.21,39.84,118.43,105.02,68.47,43.49,94.39,217.6,76.9,48.48,58.44,11.4,124.88,72.5,191.78,63.91,40.45,85.79,51.52,66.44,82.46,94.84,79.47,72.02,67.32,119.85,30.74,8.71,47.65,140.63,145.23,113.14,105.09,760.16,83.22,93.36,135.35,111.96,47.07,62.08,61.51,137.96,68.04,107.4,38.39
11/21/2016,44.97,46.08,166.9,111.73,60.42,78.45,39.76,119.68,105.65,69.82,43.65,95.59,228.66,75.52,48.84,59.32,11.55,126.86,71.65,191.14,63.92,39.88,85.74,51.4,66.9,83.85,96.18,78.78,72.18,67.93,117.68,31.35,8.94,47.61,143.55,145.55,114.24,105.91,780,84.7,93.77,137.36,112.92,47.64,63.27,64.03,139.74,67.97,108.55,38.43
11/22/2016,44.46,46.08,170.29,111.8,58.93,78.41,38.1,119.48,105.21,72.89,43.51,96.39,233.12,75.21,49.43,59.17,11.41,128.42,71.18,188.84,64,40.66,85.56,51.19,66.82,84.3,94.46,81.53,72.37,68,117.02,31.67,8.69,47.56,145.38,144.33,113.79,107.98,785.33,87.25,93.88,141.31,113.36,48.23,62.47,64.05,139.71,68.02,111.07,37.17
11/23/2016,44.65,46.34,171.04,111.23,60.18,78.7,38.98,119.82,104.21,73.59,43.25,96.65,235.05,75.15,49.07,58.82,11.34,129.33,71.62,193.09,64.33,40.64,86.19,51.66,66.48,83.88,95.55,82.96,72.4,67.7,118.92,31.88,8.8,47.47,147.2,145.03,113.69,106.78,780.12,86.04,94.01,143.62,113.51,48.57,63.65,65,140.75,68.04,110.62,37.26
11/25/2016,44.89,46.82,170.86,111.79,60.51,78.57,39.16,120.74,105.02,74.2,43.55,96.92,234.69,75.83,49.99,59.72,11.63,129.57,71.73,192.22,64.44,41.06,86.41,51.86,66.95,84,96.19,82.75,72.38,67.91,118.83,31.88,8.77,47.47,148.59,145.43,114.46,107.3,780.37,86.48,94.48,144.74,113.81,49.2,62.84,63.75,141.54,68.67,111.96,37.22
11/28/2016,43.6,46.5,170.77,111.57,59.46,79.05,38.74,120.76,104.5,74.16,43.11,96.57,232.04,75.18,51.08,60.9,11.94,128.39,70.99,189.99,63.31,41.7,85.9,51.22,66.17,83.96,95.34,82.43,72.04,67.4,119.38,31.84,8.83,46.23,146.43,145.07,112.5,106.11,766.77,84.36,93.75,143.24,112.78,48.71,61.35,62,141.78,68.49,112.12,37.37
11/29/2016,44.48,46.89,169.8,111.46,61.59,77.63,38.73,120.94,104.95,74.53,42.77,97.04,228.71,75.26,50.93,61.27,11.88,132.03,71.28,192.64,63.28,42.05,86.07,51.25,67.28,85.95,95.51,82.78,69.63,67.48,125.59,32.16,8.93,45.98,145,146,112.06,106.05,762.52,82.16,94.53,145.28,113.65,48.92,60.74,60.16,143.47,68.43,111.72,37.95
11/30/2016,43.98,46.44,169.72,110.52,60.8,77.99,38.07,119.43,102.81,74.24,43.23,96.02,228.78,72.61,49.12,59.05,11.45,130.84,71.38,194.3,63.33,42.1,86.34,50.35,66.7,87.78,93.05,82.27,69.92,66.91,122.59,32.2,8.91,47.35,148.1,144.07,114.21,102.27,750.57,81.35,94.03,142.53,114.1,48.63,65.95,69.15,144.46,68.26,109.59,36.61
12/1/2016,43.21,45.75,170.76,109.49,59.16,77.8,37.6,117.66,99.51,69.01,44.31,95.77,228.18,69.22,48.91,58.16,11.03,134.9,70.48,190.37,64.11,41.36,86.78,49.73,63.51,85.65,92.54,82.86,70.35,65.46,122.01,30.1,8.39,49.4,148.44,142.39,115.04,100.98,743.65,82.21,93.61,145.17,112.05,48.99,65.14,68.59,144.07,66.74,107.16,35.58
12/2/2016,44.03,46.1,170.14,109.9,59.43,78.8,37.9,117.29,99.73,70.11,44,95.24,218.71,70.57,49.66,58.7,11.18,133.49,68.29,189.69,63.75,41.77,86.1,49.16,63.87,84.86,92.46,84.83,70.61,64.87,122.96,31.44,8.53,48.01,147.08,144.01,113.47,102.57,740.34,84.91,93.27,145.1,111.62,49.23,65.11,68.56,144.55,67.34,108.94,35.71
12/5/2016,44.53,45.72,170.53,109.11,60.86,79.54,38.43,117.72,101.95,70.6,43.9,96.05,223.39,71.18,49.16,59.2,11.34,129.45,68.69,191.18,64.22,41.9,86.66,49.32,64.31,86.28,94.01,83.12,70.36,64.61,124.93,31.53,8.68,48.58,149.99,145.29,114.63,102.04,759.36,88.61,93.84,144.09,112.37,49.9,66.41,68.29,147.33,67.85,110.07,36.48
12/6/2016,44.84,46.43,173.31,109.95,61.62,78.87,38.42,118.41,101.55,71,44.68,96,227.16,76.32,49.34,59.47,11.33,128.54,68.58,190.94,64.2,41.77,88.89,49.82,64.93,86.32,96.24,84.8,70.95,65,124.17,31.61,9.45,49.52,153.6,145.11,115.2,100.85,764.72,88.73,94.09,143.55,113.21,50.08,66.35,68.21,146.57,67.6,111,36.7
12/7/2016,44.99,48.65,176.78,111.03,59.99,76.38,38.48,121.57,103.36,72.94,45.2,97.57,233.5,80.34,49.88,60.25,11.62,128.65,69.46,189.73,64.92,42.35,90.24,50.44,66.15,88.8,98.14,87.67,71.65,65.78,125.62,32.51,9.56,50.85,157.81,141.19,116.76,102.2,770.42,92,95.31,145.2,115.95,50.75,66.39,69.27,148.54,68.07,111,37.45
12/8/2016,45.8,48.05,176.52,112.12,60.9,76.88,38.68,121.74,103.5,73.88,45.97,98.19,239.87,81.74,49.82,60.18,11.84,129.3,69.62,188.47,65.82,42.6,93.51,50.15,66.31,91.8,99.3,88.55,71.67,65.38,126,32.71,10.34,51.05,161.38,140.59,118.9,102.39,767.33,90.94,95.69,146.61,112.89,50.72,66.5,70.26,149.06,68.83,110.62,37.39
12/9/2016,46.3,49.64,175.58,113.95,61.54,78.9,39.2,123.31,104.31,73.14,46.56,98.22,232.2,81.11,50.73,60.99,11.92,128.91,69.06,192.25,65.83,42.31,92.16,50.76,64.94,90.69,98.62,89.77,72.47,65.68,132.07,32.35,10.34,50.87,161.11,143.45,118.57,102.91,768.66,90.18,95.36,145.88,113.03,50.87,66.56,70.47,149.55,68.51,109.92,36.79
12/12/2016,46.14,47.59,173,113.3,62.04,78.07,39.2,123.61,105.16,72.9,47.02,98.06,230.6,78.37,51.34,61.95,12.01,128.27,68.96,190.76,65.62,42.41,92.14,50.69,64.25,91.32,98.53,86.73,72.82,65.12,115.08,32,10.68,50.64,158.38,145.76,115.36,103.89,760.12,90.36,94.71,145.79,112.74,50.41,66.79,70.79,149.64,67.66,109.73,37.17
12/13/2016,46.39,47.84,171.87,115.19,61.99,79.04,39.44,125.4,106.15,73.1,46.4,98.4,232.68,79.67,51.92,62.71,12.19,128,69.98,193.32,66.31,42.75,92.06,51.05,65.14,91.12,99.15,86.87,72.93,65.65,110.01,32.03,10.54,50.28,160.73,148.37,114.88,106.13,774.34,91.62,94.92,146.58,112.56,49.91,67.35,72.69,149.12,67.91,108.99,37.32
12/14/2016,46.14,47.92,171.51,115.19,61.67,77.05,38.82,123.65,105.81,72.54,45.59,97.69,229.99,76.83,50.7,61.7,11.94,126.66,69.72,192.4,66.01,42.63,92.13,50.23,66.99,89.94,98.6,86.38,72.61,65.44,113.52,32.14,10.55,49.82,154.82,148.69,112.93,106.5,768.82,89.65,94.46,144.69,111.75,49.46,65.74,70.68,148.18,67.76,106.87,36.74
12/15/2016,46.56,48.3,172.92,115.82,62.02,76.67,38.93,124.55,105.1,73.61,45.74,98.76,231.38,78.92,51.1,62.11,11.8,125.42,69.27,192.62,66.19,43.18,92.47,50.82,67.58,89.82,100.27,90.12,73.54,64.9,116.7,33.06,10.86,49.87,151.39,150.39,114.4,106.06,761,90.44,94.55,143.67,112.39,48.61,66.74,70.33,149.09,67.98,106,36.99
12/16/2016,45.91,47.63,171.91,115.97,62.22,77.38,38.1,123,103.55,72.09,46.51,100.85,228.83,76.48,51.6,62.81,11.75,126.81,69.41,192.81,66.3,44.17,91.34,51.55,67.19,89.23,101.14,88.73,74.11,64.22,120.04,32.51,10.66,49.18,148.49,149.37,111.73,105.8,757.77,90.55,95.11,145.46,112.09,48.51,66.39,70.61,147.43,67.4,107.97,36.47
12/19/2016,45.43,48.58,173.82,116.64,62.22,78.42,38.34,123.65,105.29,72.81,46.07,101.09,230.96,75.7,51.89,62.94,11.84,124.1,69.79,192.55,66.54,44.57,92.41,51.67,67.76,89,100.25,90.33,74.37,64.91,114.56,32.44,10.95,49.14,146.25,147.74,111.41,106.95,766,90.51,95.31,144.88,112.33,48.65,66.7,71.37,147.72,68,109.65,36.63
12/20/2016,46.21,49.22,175.63,116.95,62.16,79.3,38.19,124.1,105.77,73.4,46.22,102.33,231.34,76.01,52.19,63.21,11.94,124.63,69.86,191.33,66.6,44.84,92.3,51.87,68.7,89.34,99.39,91.56,74.48,65.33,116.72,32.61,11.51,49.47,146.98,147.22,113.48,106.98,771.22,88.77,95.9,147.66,111.83,48.68,66.75,70.97,147.5,68.33,111.01,36.83
12/21/2016,46.04,49.47,173.51,117.06,61.45,78.85,38.24,117.9,105.51,73.6,46.13,102.47,233.68,75.63,51.95,62.8,11.98,123.35,70.3,193.99,66.66,43.97,92.32,51.73,67.87,89.28,98.71,91.12,74.44,65.55,118.99,32.58,11.47,49.3,147.3,146.17,112.91,106.6,770.6,89.67,94.65,144.98,112.25,48.61,66.64,70.75,147.35,68.22,109.03,36.9
12/22/2016,45.97,48.69,170.39,116.29,61.66,77.81,38.29,117.79,104.72,73.45,45.18,102.6,231.66,74.58,52.41,63.24,11.78,124.69,70.38,193.99,66.23,44.55,93.19,51.98,67.37,88.42,98.21,89.1,74.48,65.25,125.85,33.01,11.6,49.42,145.88,146.36,111.76,106.6,766.34,90.31,92.47,144.58,112.48,47.89,66.74,70.77,146.09,68.28,108.52,36.44
12/23/2016,46.2,48.48,170.89,116.52,62.34,78.56,38.42,117.48,105.02,73.84,45.15,102.93,233.64,76,52.45,63.17,11.73,125.95,70.15,199.08,66.41,44.74,93.28,52.01,67.63,88.82,98.5,90.43,74.58,65.39,127.19,32.9,11.58,49.45,143.98,147.55,111.93,106.03,760.59,90.95,92.8,146.02,112.89,47.84,66.4,71.25,146.48,68.3,109.3,36.5
12/27/2016,46.51,48.61,171.84,117.26,62.5,78.82,38.6,117.55,104.98,74.31,45.65,103.31,233.71,75.98,52.56,63.13,11.86,126.23,70.4,200.49,66.7,44.31,93.74,51.95,68.09,89.01,98.66,90.54,74.51,65.54,126.06,33.33,12.07,49.71,145.05,148.36,112.33,106.29,771.4,90.43,93.14,145.68,112.5,48.24,66.34,71.54,147.38,68.34,109.63,36.53
12/28/2016,45.72,47.67,170.42,116.76,62.27,78.35,38.22,116.61,103.77,73.56,45.34,103.05,228.57,75.02,51.82,62.39,11.64,124.58,69.8,204.06,65.88,44.23,93.19,51.62,67.27,86.58,96.8,88.69,74.35,64.8,123.73,32.9,11.55,48.75,143.67,147.67,110.82,105.84,772.13,88.69,92.57,144.26,111.72,47.59,64.59,70.64,145.12,67.57,108.54,36.43
12/29/2016,45.64,47.25,170.28,116.73,62.73,79.34,38.31,117.01,103.68,73.58,45.36,103.45,229.25,74.98,52.56,63.28,11.7,124.45,69.83,207.21,65.5,44.7,92.67,51.84,67.04,87.07,96.96,88.53,74.28,64.77,123.63,32.66,11.59,48.66,143.93,147.78,109.92,106.39,765.15,88.55,92.66,144.76,111.42,47.66,63.87,70.11,144.37,67.6,110.45,36.48
12/30/2016,45.56,46.69,169.12,115.82,62.62,78.19,38.41,117.13,102.95,72.62,45.65,102.78,228.5,74.01,52.46,62.96,11.62,124.01,69.6,210.01,65.31,45.45,92.86,51.96,66.68,86.08,96.13,88.73,74.12,64,122.35,32.27,11.34,48.6,145.3,146.21,110.94,105.68,749.87,87.45,92.49,143.77,111.53,47.35,63.47,69.73,143.82,67.2,111.13,36.11
1/3/2017,46.49,46.3,170.6,116.15,62.41,82.61,39.05,116.46,103.48,72.505,46.19,103.5,233.01,76.18,52.38,62.76,11.66,122.84,69.77,216.19,65.12,44.94,94.12,52.24,67.57,88.05,96.96,88,74.17,64.7,122.63,31.94,11.43,49.22,145.79,150.73,111.85,106.15,753.67,88.78,93.35,143.24,112.08,47.5,63.78,70.25,143.4,67.43,110.58,36.64
1/4/2017,47.1,46.7,172,116.02,63.29,84.66,39.36,116.74,104.14,72.36,46.11,103.66,237.78,77.52,52.44,62.85,11.56,123.98,70.41,215.56,65.97,45.36,95.09,52.9,68.33,90.7,97.77,89.18,74.37,65.93,127.11,32.24,11.43,49.81,149.41,152.87,115.2,106.34,757.18,85.73,94.44,143.05,113.31,47.92,63.59,70.81,144.65,67.93,113.38,37.36
1/5/2017,46.54,45.89,171.88,116.61,63.77,83.68,39.7,114.99,105.91,71.32,45.77,103.04,235.82,76.93,52.7,63.19,11.41,124.51,69.95,220.83,65.6,45.45,95.13,53.02,69.55,90.39,94.82,87.76,74.03,66.29,139.18,32.1,11.24,49.18,147.58,152.98,113.74,105.97,780.45,85.27,94.71,144.57,113.48,47.7,63.25,71.61,143.22,67.57,112.97,37.94
1/6/2017,47.99,46.21,169.63,117.91,63.79,84.8,40.78,116.3,108.3,71.6,44.72,103.11,236.32,79.3,53.1,63.14,11.82,124.26,70.19,219.08,66.81,45.45,95.98,53.14,69.79,90.81,94.08,86.98,74.15,65.89,143.61,32.04,11.32,50.07,147.25,156.78,115.66,105.27,795.99,83.75,93.95,144.35,114.35,47.72,63.12,71.74,144.36,68.08,112.21,37.91
1/9/2017,48.14,47.08,169.53,118.99,64.21,85.48,40.74,115,108.57,71.94,44.75,102.47,237.59,79.59,51.99,62.31,11.53,123.18,69.52,220.1,66.38,44.96,94.11,52.4,70,90.48,94.79,87.47,73.09,65.42,144.77,32.78,11.49,49.63,143.43,158.84,115.2,105.02,796.92,81.68,94.29,142.79,113.4,47.4,62.36,69.98,146.31,67.38,111.05,37.7
1/10/2017,48.1,48.48,169.92,119.11,64.07,84.83,41.29,115.06,108.26,72.35,44.46,102.2,235.26,79.98,51.97,62.12,11.33,122.67,69.43,221.25,67.2,44.25,94.2,52.42,70.28,89.88,96.13,92,73.75,64.5,143.67,33.13,11.44,49.87,143.27,158.76,114.73,103.5,795.9,81.59,94.19,146.34,112.63,47.76,62.87,69.58,145.26,67.79,110.85,38.38
1/11/2017,49.25,48.64,173.43,119.75,61.14,81.53,41.08,116.12,108.99,72.62,44.01,103.2,234.6,80.87,52.2,63.18,11.77,122.63,69.86,216.24,66.95,43.97,94.8,52.48,70.12,93.3,96,93.8,73.94,65.7,136.66,33.47,11.2,49.98,145.22,156.62,115.06,103.83,799.02,81.77,93.7,145.83,112.67,48.31,63.77,71.6,146.01,67.82,109.61,39.2
1/12/2017,48.52,48.1,174.47,119.25,61.28,83.86,40.72,115.78,108.59,72.22,43.44,103.8,235.67,80.65,51.96,63.29,11.58,122.64,69.57,216.24,66.25,44.22,94.83,52.58,69.93,93.75,95.55,93.26,73.68,66.12,137.35,33.31,10.76,50.44,143.58,155.36,115.09,104.2,813.64,80.68,93.89,148.19,112.67,47.83,63.02,71.49,145.84,67.97,109.31,39.13
1/13/2017,48.69,47.65,174.79,119.04,61.99,84.62,40.93,116.95,108.53,72.67,43.56,103.77,237.55,81.32,51.97,63.23,11.72,122.31,69.64,216.14,66.35,44.18,94.83,52.81,70.02,94,96.01,94.32,73.89,65.5,136.93,33.79,10.58,50.66,143.53,156.12,115.27,103.45,817.14,79.61,94.03,148.53,113.29,48.46,62.78,71.24,145.35,68.11,109.55,38.95
1/17/2017,48.32,46.75,173,120,61.86,85.99,40.9,116.03,108,72.28,44.69,103.07,230,78.62,52.55,63.81,11.91,121.04,69.88,214.78,66.06,44.52,94.71,52.57,69.79,94.35,95.34,93.41,73.85,65.87,135.3,33.3,9.82,50.28,141.39,154.8,111.55,105.17,809.72,80.83,93.5,146.75,113.62,47.87,63.1,70.72,145.34,67.7,110.52,38.95
1/18/2017,48.25,47.64,173.98,119.99,61.66,85.51,40.76,115.95,108.79,73.01,44.95,102.91,231.62,79.71,52.36,63.46,11.93,120.97,69.97,216.56,66.24,44.46,95.12,52.93,69.6,92.6,94.42,92.93,74.52,66.48,135.87,33.69,9.88,50.71,142.03,155.77,113.41,105.67,807.48,81.63,93.57,147.22,114.05,47.9,62.91,69.89,146.33,68.28,111.02,39.08
1/19/2017,47.64,47.26,171.72,119.78,61.38,85.47,40.4,115.5,109.79,72.44,44.5,102.97,230.22,79.98,51.81,62.7,11.73,122.56,69.46,214.58,66.29,44.04,95.65,52.67,68.98,93.05,90.55,94.22,74.22,66.58,134.35,33.75,9.77,50.68,141.34,153.8,112.98,104.44,809.04,80.56,93.49,148.11,112.28,47.45,62.22,70.18,145.47,68.21,109.91,38.86
1/20/2017,47.62,48,171.5,120,61.15,83.75,40.46,115.07,110.71,72.88,44.73,103.24,230.55,81.67,52.05,62.91,11.41,122.53,70.08,214.34,66.54,44.76,96.15,52.84,69.15,93.36,91.7,94.71,74.54,65.16,131.97,33.84,9.75,50.81,143.49,154.67,113.05,104.2,808.33,80.48,93.3,150.63,112.07,47.89,61.81,70.03,146.62,68.6,111.15,38.97
1/23/2017,47.39,46.94,167.78,120.08,60.96,84.88,40.34,114.82,110.97,72.78,44.71,102.2,228.55,81.54,51.98,62.71,11.22,119.2,69.35,214.82,65.49,45.16,95.97,52.74,67.97,93.7,92.04,93.07,74.15,65.07,131.49,33.75,9.91,50.46,142.86,152.72,112.86,104.78,817.88,80.43,93.51,150.16,111.7,47.97,60.77,69.86,146.07,67.98,113.43,38.53
1/24/2017,47.35,47.54,168.29,119.97,60.58,84.41,40.31,116.48,113.72,73.51,44.66,103.24,226.21,82,52.06,62.78,11.37,117.61,69.82,213.11,65.5,45.3,96.74,53.23,67.74,95.55,91.65,92.86,74.47,66.42,129.87,34.03,10.44,51.18,144.86,151.85,114.31,104.57,822.44,81.98,94.48,150.23,112.21,48.98,60.96,71.18,147.13,68.76,114.12,39.1
1/25/2017,48.41,47.91,167.5,121.88,61.38,85.83,40.31,117.57,114.25,74.54,45.2,102.7,227.26,82.65,51.9,62.53,11.37,119.14,70.46,213.57,65.72,44.5,98.03,53.79,68.73,94,93.41,93.38,75.39,66.6,129.46,34.42,10.35,52.4,145.7,154.1,116.95,103.92,836.52,82.03,94.95,153.71,112.84,49.41,61.43,70.67,148.53,67.03,113.4,39.56
1/26/2017,48.17,49.59,165.5,121.94,61.27,83.39,40.96,115.93,112.88,74.2,44.55,102.04,221.7,81.64,52.08,62.64,11.22,117.64,70.56,210.8,66.02,44.46,98.88,53.79,67.78,95.48,92.23,95.9,75.81,65.95,128.2,33.98,10.52,52.18,144.47,152.98,114.88,104.3,839.15,81.94,94.85,152.4,112.95,48.81,62.55,71.14,148.81,66.64,113.3,39.47
1/27/2017,48.65,46.95,164.37,121.95,60,82.43,41,115.35,113.99,76.93,44.52,101.71,222.35,81.76,51.82,62.97,11.4,117.45,70.27,213.2,65.21,44.3,97.88,54.62,67.97,95.42,90.93,95.13,75.59,66.52,129.23,35.04,10.67,51.81,144.45,157.16,113.4,103.82,835.77,82.02,93.95,153.35,113.39,48.58,62.08,70.01,142.01,66.92,112.79,39.61
1/30/2017,47.67,44.9,164.63,121.63,60.43,83.62,41.01,114.63,113.82,76.28,44.13,101.97,228.18,81.16,51.69,63.21,11.21,116.71,70.35,211.87,64.89,43.88,96.96,53.87,67.81,94.57,89.98,94.16,75.61,65.84,128.05,34.34,10.61,51.39,151.32,154.43,113.06,103.01,830.38,83.41,93.48,154.18,112.07,48.45,59.95,68.83,140.99,66.98,112.16,39.61
1/31/2017,48.97,44.25,164.24,121.35,61.11,87.28,41.77,113.87,113.38,74.94,44.26,100.99,228.38,81.34,52.65,64.06,11.44,118.61,69.99,218.89,64.26,44.07,97.13,53.83,68.59,92.64,91.69,93.82,75.21,65.67,130.68,34.25,10.37,51.1,152.36,156.68,112.27,103.5,823.48,80.85,93.26,154.14,112.7,48.75,59.82,69.53,139.76,67.49,110.82,40.21
2/1/2017,49.26,44.05,160.59,128.75,60.89,88.61,42.33,113.21,113.36,76.17,43.77,95.25,230.39,81.28,51.75,63.09,11.24,121.61,67.14,229.32,64.27,43.23,97.36,53.44,68.7,93.41,97.25,93.63,75.24,65.94,132.32,35.03,12.06,51.09,156.58,159.67,113.08,103.28,832.35,80.98,93.24,160.79,111.17,48.45,57.78,68.36,138.68,66.6,108.28,40.47
2/2/2017,48.9,44.01,162.34,128.53,60.89,88.05,42.75,113.64,113.16,75.23,43.99,96.32,225.98,82.76,52.59,63.78,11.32,120.45,67.83,229.52,64.12,44.29,97.34,53.95,69.4,92.91,95.13,94.53,77.4,65.62,128.38,34.94,12.28,51.04,154.96,159.58,117.9,104.11,839.95,82.51,93.85,157.66,112.48,47.19,59.09,69.1,139.28,67.15,109.06,40.47
2/3/2017,49.38,44.2,162.75,129.08,60.67,89.28,42.78,114.49,115.17,75.52,43.99,96.87,228.14,84.41,52.69,64.03,11.37,122.56,68.61,230.87,64.94,44.44,98.01,54.01,69.55,94.27,95.82,94.09,77.48,67.33,126.98,35.31,12.24,51.51,158.13,167.53,121.26,105.25,810.2,83.52,95.17,159.08,114.06,49.36,59.64,70.4,140.16,67.46,110.64,40.01
2/6/2017,49.27,45.3,160.27,130.29,60.65,89.98,42.43,114.18,114.46,75.53,44.02,96.47,226.49,82.82,52.65,63.82,11.29,120.79,68.93,234.43,64.9,44.26,97.39,54.02,69.71,94.29,93.85,95.12,78.08,67.34,128.19,35.18,13.63,51.66,157.65,166.58,123.37,103.64,807.64,83.35,95.05,156.81,114.08,49.57,57.87,69.1,139.05,67.07,112.69,40.19
2/7/2017,49.64,45.17,159.18,131.53,60.56,90.33,42.89,115.92,114.96,76.31,44.59,96.29,225.11,84.5,52.68,63.93,11.43,120.67,68.97,232.61,64.88,44.69,97,53.93,71.12,92.8,93.65,94.1,78.12,67.02,127.72,35.54,13.29,51.68,160.54,166.82,123.18,103.47,812.5,85.19,95.26,158.59,114.25,49.36,57.03,67.14,138.8,67.29,113.24,40.05
2/8/2017,49.93,45.06,162.73,132.04,60.52,91.07,42.4,115.43,116.13,77.48,43.46,96.58,225.76,82.93,53.12,63.8,11.59,121.33,69.64,241.17,64.91,45.3,90.45,54.06,63.55,94.35,94.17,97.2,77.99,67.6,126.37,35.6,13.56,52.35,161.49,168.12,121.58,104.3,819.71,85.32,95.23,158.6,114.36,49.36,56.93,67.15,138.59,68.02,114.54,39.19
2/9/2017,50.47,46.3,164.83,132.42,60.84,91.65,42.54,116.98,116.44,76.51,43.54,97.65,228.64,83.88,52.9,63.42,11.47,121.21,69.9,245.68,65.32,45.12,91.36,54.71,63.85,93.91,95.98,98.41,78.35,71.73,127.08,35.41,13.42,53.13,163.86,167.47,123.73,105.78,821.36,87.58,96.32,161.68,115.17,49.89,56.92,68.42,138.54,68.29,114.98,39.73
2/10/2017,50.36,46.45,164.05,132.12,60.42,91.17,42.74,117.6,116.85,76.53,43.83,97.82,227.03,83.23,52.93,63.95,11.61,121.69,69.98,246.36,65.61,45.72,92.93,55.17,63.95,93.7,96.97,97.35,78.88,71.92,126.51,35.32,13.58,53.52,167.62,167.89,124.31,105.49,827.46,87.33,96.86,162.32,115.59,49.83,57.38,69.34,140.13,68.77,114.37,47.23
2/13/2017,50.52,47.41,162.39,133.29,60.51,90.48,43.22,118.59,117.65,77.92,43.71,98.58,227.81,84.28,53.05,63.79,11.68,122.05,70.98,246.76,66.14,45.52,94.32,55.55,63.6,94.75,97.61,98.02,79.61,71.45,127.77,35.46,13.49,53.67,167.32,167.66,126.15,107.55,836.53,87.35,97.17,163.52,115.87,49.95,57.18,68.14,140.5,68.97,114.26,45.7
2/14/2017,50.39,46.57,164.37,135.02,60.82,90.82,43.65,120,117.58,77.84,43.73,99.44,229.39,84.54,52.65,63.27,11.49,125.81,71.04,248.57,66.89,45.36,95.25,55.56,63.55,91.19,98.39,96.3,79.8,71.08,129.5,35.23,13.26,53.58,167.68,168.05,127.81,106.78,836.39,88.01,98.36,163.32,115.85,49.67,55.5,68.33,142.13,69.13,114.98,44.98
2/15/2017,51.62,47.54,163.88,135.51,61.65,91.18,44,119.93,118.73,81.6,44.47,99.65,230.57,84.36,52.54,63.29,11.56,128.44,71,249.32,60.85,44.72,96.25,55.82,63.9,92.76,99.96,96.96,80.71,71.83,132,35.49,13.3,54.28,170.33,171.79,128.87,107.11,842.7,88.01,99.46,162.69,116.56,49.34,55.59,67.52,142.38,69.02,115.23,45.48
2/16/2017,50.84,46.97,160.99,135.345,61.48,90.32,44.2,120.72,118.93,81.97,44.1,99.88,231.41,85.14,52.94,63.7,11.65,129.49,71.19,246.93,62.27,45.17,96.52,56.47,64.24,92.41,100.42,96.69,80.8,72.93,130.39,35.18,12.97,54.37,167.9,172.11,129.16,107.71,844.14,87.23,100.43,163.77,117.28,49.68,55.25,66.6,141.87,69.38,115.82,45.39
2/17/2017,51.63,46.91,161.58,135.72,61.77,90.76,44.69,121.23,119.67,82.48,44.69,99.68,235.04,86.4,53.37,64.11,11.46,125.27,71.1,247.35,62.5,45.01,96.75,56.94,62.34,91.92,101.765,96.6,80.44,73.27,128.82,35.67,13.13,54.5,168.42,173.29,128.99,108.11,845.07,86.64,100.27,160.25,117.53,49.59,55.44,66.77,141.5,69.46,116.38,45.33
2/21/2017,51.35,46.81,161.15,136.7,61.83,91.01,45.01,122.1,119.63,82.82,44.81,99.22,239.46,87.15,53.89,64.76,11.78,126.34,71.42,247.16,63.41,45.78,98.04,56.15,62.64,93.78,101.86,96.61,80.62,74.51,129.89,36.58,14,55.15,170.91,173.14,130.77,111.18,856.44,89.08,101.62,164.22,115.57,50.29,55.89,67.21,141.47,69.58,118.47,45.34
2/22/2017,51.34,46.32,159.68,137.11,61.36,91.34,45.01,122.21,119.47,82.06,44.72,100.42,239.87,86.38,53.97,65.31,11.6,128.79,71.16,246.32,63.83,45.43,98.39,56.22,63.01,92.44,101.09,97.25,80.58,74.06,130.83,36.51,14.28,55.31,169.42,172.61,130.68,111.02,855.61,88,101.08,163.27,115.6,50.48,54.91,65.84,140.34,69.82,118.49,45.23
2/23/2017,51.47,46.1,157.72,136.53,61.94,91.61,45.4,122.48,118.83,81.61,45.09,101.64,242.42,87.1,54.07,66.01,11.75,129.73,71.72,247.03,64.02,45.96,98.84,56.47,62.7,92.41,101.16,95.89,80.55,73.95,130.44,36.16,14.32,54.49,169.26,174.01,130.48,112.2,852.19,88.86,104.15,163.92,116.19,50.52,52.98,65.98,140.36,69.97,118.87,45.08
2/24/2017,51.74,46.28,157.33,136.66,62.09,92.16,45.68,123.43,119.31,81.68,45.26,103,244.81,87.55,54.58,67.15,11.93,128.97,71.71,245.37,63.63,46.09,98.76,56.86,62.87,92.93,102.89,97.01,80.91,73.95,131.54,36.3,14.12,54.63,168.03,174.56,129.83,112.89,845.24,87.95,104.5,163.83,116.56,50.56,53.41,64.77,140.86,70.18,120.2,45.55
2/27/2017,51.66,46.32,156.94,136.93,62.22,91.73,45.46,122.79,118.78,82.28,45.37,102.7,246.77,87.74,54.29,66.7,11.14,129.46,72.33,246.25,64,46.46,98.12,56.98,62.86,92.46,102.26,97.84,81.34,73.6,132.2,36.43,15.2,54.5,168.96,176.13,131.11,113.34,848.64,88.33,107.25,164.91,116.37,51.13,52.93,64.9,139.38,69.47,120.47,45.69
2/28/2017,51.3,46.36,156.61,136.99,61.84,91.51,45.08,122.5,118.34,81.93,46.97,102.62,242.98,86.3,54.69,66.97,11.52,128.76,72.35,244.82,63.92,46.53,99,56.95,62.6,101.51,102.76,97.82,82.16,72.59,131.25,36.22,14.46,53.97,167.93,176.53,131.5,114.79,845.04,85.19,106.76,164.82,115.65,50.36,52.59,64.65,140.47,69.21,119.31,45.13
3/1/2017,52.04,47.09,156.68,139.79,62.83,92.23,45.59,124.07,120.35,83.76,46.51,104.53,247.62,88.93,54.76,66.12,11.35,130.04,72.98,245.29,64.63,46.02,100.85,57.76,63.38,102.66,103.83,100.24,82.69,73.69,134.21,36.85,14.96,55.26,169.31,178.24,134.28,113.84,853.08,85.99,108.36,166.97,117.51,51.08,52.95,66.02,143.69,70.88,118.18,47.14
3/2/2017,51.38,45.72,157.36,138.96,63.25,91.94,45.69,124.35,119.9,83.65,45.48,104.07,243.94,87.32,55.12,66.5,11.63,129.51,72.19,244.96,63.9,45.54,99.75,56.78,63.79,103.06,104.12,96.36,81.75,73.96,132.94,36.49,13.9,54.7,168.2,178.07,131.6,114.81,848.91,83.21,106.06,165.97,116.46,49.87,51.92,64.09,140.57,70.48,117.01,46.68
3/3/2017,51.98,46.82,155.35,139.78,63.34,92.23,45.25,123.64,120.04,83.18,45.2,104.5,244.63,85.32,54.89,66.52,11.55,130.69,72.27,245.63,64.22,45.39,99.87,56.86,63.36,104.77,104.04,98.94,81.86,73.82,134.99,36.87,13.03,54.85,168.75,180.2,133.06,115.67,849.88,83.41,106.3,166,116.48,50.18,52.09,63.21,139.52,70.47,117.59,47.07
3/6/2017,51.25,45.31,154.25,139.34,63.55,89.99,45.13,123.24,120.15,83.85,44.76,104.95,245.45,82.94,54.89,66.35,11.52,131.3,72.19,242.36,63.78,45.25,99.58,56.4,63.06,102.11,102.74,96.63,81.34,73.21,133.33,36.86,13.04,54.61,167.19,179.46,132.43,114.71,846.61,84.36,105.54,165.84,115.71,49.62,52.19,63.25,139.31,70.13,117.51,47.81
3/7/2017,51.21,44.84,151.99,139.52,63.69,88.48,45,124.14,119.98,83.41,44.46,104.27,245.05,82.07,54.82,66.24,11.33,130.59,71.95,239.6,63.45,45.43,99.6,56.32,63.3,103.79,103.15,95.12,81.46,72.86,129.18,36.97,13.05,54.51,166.56,177.38,132.18,114.7,846.02,83.46,105.77,166.01,115.54,49.64,51.28,63.16,139.64,70.27,117.16,48.06
3/8/2017,51.41,44.89,155.21,139,64.14,89.08,45.36,124.46,119.6,83.48,43.99,103.71,246.19,83.46,54.12,65.15,11.07,131.71,71.89,239.44,63.44,44.69,99.48,56.15,63.55,102.74,103.72,95.2,81.13,73.11,127.41,37.19,13.22,54.52,166.35,177.78,132.56,113.24,850.5,83.76,105.99,165.65,115.62,49.54,49.41,61.4,139.56,70.38,115.69,48.58
3/9/2017,51.43,43.33,155.15,138.68,64.5,88.61,45.63,123.18,119.91,83.17,44.42,103.4,247.93,84.24,54.12,64.84,11.06,132.81,72.09,240.18,63.21,43.76,99.97,56.24,64.2,102.5,105.36,94.78,81.57,73.46,126.55,37.38,13.33,53.79,165.3,178.92,132.72,113,853,81.75,105.93,166.18,116.33,49.46,50.63,61.94,138.58,70.14,113.7,49.02
3/10/2017,52.15,43.9,153.97,139.14,65.88,88.31,45.72,123.93,121.09,82.2,45.04,104.55,248.2,86.12,53.89,65.4,11.15,132.8,72.02,241.15,63.08,43.43,99.64,56.66,64.22,103.05,105.32,96.61,82.05,74.47,127.31,38.12,13.91,53.62,163.9,181.44,132.1,113.58,852.46,81.95,106.47,166.41,117.86,50.09,50.23,61.89,138.77,70.55,108.81,49.2
3/13/2017,52.45,42.37,154.35,139.2,65.85,89.14,45.53,124.04,121.8,82.76,44.7,104.84,247.82,86.69,54.19,65.81,11.02,132.62,72.05,240.65,63.18,43.11,99.41,56.99,64.59,104.5,107.99,96.58,82.1,74.76,124.74,38.44,14.28,54.27,163.8,181.05,132.59,114.26,854.59,83.45,106.83,167.24,118.94,50.49,50.16,62.82,137.82,71.39,109.09,49.5
3/14/2017,52.21,41.21,153.71,138.99,65.67,88.81,44.8,123.91,121.44,83.68,44.67,103.97,245.53,85.91,54.02,65.79,11,131.96,71.84,239.45,62.88,43.11,99.49,56.85,63.63,103.95,107.48,94.5,82.18,74.37,121.6,38.27,14.1,53.5,164.29,180.12,132.41,114.02,852.53,83.09,106.28,165.18,118.42,50.53,50.33,61.81,136.18,70.95,108.18,49.08
3/15/2017,54.1,42.09,152.92,140.46,66.55,89.48,45.32,124.8,122.11,83.51,45.01,104.67,245.55,88.4,54.79,66.68,11.31,134.11,72.35,240.67,63.23,44.34,99.02,57.07,64.39,105.22,110.31,95.36,82.62,74.92,122.12,38.92,13.98,54.1,165.86,182.6,133.67,115.28,852.97,85.48,107.06,169.2,119.02,51.82,51.07,64.08,137.99,71.86,110.41,49.22
3/16/2017,53.05,42.13,153.41,140.69,65.9,88,44.98,124.1,122.35,82.72,44.85,104.25,245.09,86.73,54.35,66.01,11.3,133.06,72.4,239.42,62.91,44.13,98.59,56.86,64.63,104.01,110.47,94.14,82.89,75.15,122.41,39.05,13.65,54.1,166,180.11,134.6,115.09,853.42,85.13,107.22,168.42,119.24,51.83,51.08,63.4,137.97,71.44,109.87,49.1
3/17/2017,53.31,41.72,152.4,139.99,65.69,87.53,45.19,125.22,127.01,83.26,44.72,105.11,245.01,86.22,55.05,66.47,11.46,131.8,72.53,237.38,62.42,44.21,98.97,56.93,65,106.21,111.85,93.36,82.85,75.48,122.08,39.28,13.49,54.31,162.81,168.61,131.71,116.01,852.31,85.34,107.29,168.27,118.91,52.17,51.22,63.25,139.53,71.34,110.27,49.13
3/20/2017,53.15,41.7,152.44,141.46,65.8,86.91,44.98,124.39,126.31,82.9,44.85,104.45,244.54,86.32,54.69,66.13,11.2,130.35,72.24,236.95,62.37,44.09,97.65,56.88,64.86,106.07,113.23,94.82,82.37,75.23,120.2,39.57,14.4,54.21,162.03,169.24,130.49,115.98,856.97,84.23,107.53,167.59,118.18,52.14,50.93,62.84,138.69,71.34,109.97,48.96
3/21/2017,52.66,40.42,151.22,139.84,65.35,85.91,44.8,124.64,125.07,81.8,44.95,103.12,239.29,83.64,55.49,66.98,11.3,129.09,71.41,234.55,61.76,44.46,95.45,56.01,62.95,104.25,111.06,92.11,81.69,74.27,118.7,38.58,13.82,53.3,159.29,166.85,125.87,116.74,843.2,82.01,106.42,166.99,117.57,50.96,50.3,61.82,136.45,70.41,110.7,48.22
3/22/2017,53.13,40.35,151.27,141.42,65.52,85.88,44.81,126.48,126.21,82.12,45.61,103.68,240.87,84.6,56.04,67.44,11.15,128.33,71.64,233.99,61.24,44.51,95.58,56.12,63.68,105.22,111.99,92.92,81.38,74.77,120.08,38.82,14.1,53.36,159.22,167.45,125.21,118.31,848.06,81.99,106.64,166.44,117.71,51,50.54,61.63,136.41,70.96,111.38,48.68
3/23/2017,53.18,41.41,150.78,140.92,65.65,85.99,44.77,120.76,126.87,81.54,45.61,103.52,242.92,85.69,56.05,67.45,11.18,127.83,72,235.29,61.34,44.71,95.34,56.28,63.66,105.15,112.55,94.05,81.26,74.86,120.26,38.85,13.79,53.46,158.89,166.04,125.66,118.95,847.38,81.79,106.585,165.38,117.48,51.27,50.09,60.79,137.05,70.9,112.09,48.78
3/24/2017,53.08,41.73,149.73,140.64,65.62,86.56,44.73,118.98,127.7,81.64,45.58,103.38,243.79,86.48,56.19,67.79,11.23,126.77,71.99,237.33,60.88,44.74,95.06,56.44,63.63,104.45,113.87,94.7,80.99,75.05,119.26,38.97,13.7,53.42,158.86,165.74,125.26,119.32,845.61,80.28,105.7,162.75,117.54,51.23,50.24,60.34,134.94,70.97,111.36,49.12
3/27/2017,53.24,41.74,147.8,140.88,66.1,87.48,44.7,119.39,128.25,81.4,45.35,102.91,243.43,85.44,56.05,67.69,11.13,126.26,71.84,239.38,60.93,44.22,94.56,56.54,63.09,104.6,114.02,95,81.09,74.89,118.83,38.86,13.7,53.5,159,164.91,125.28,120.01,846.82,81.44,105.65,162.19,118.19,51.39,49.72,59.94,135.92,70.98,110.41,49.3
3/28/2017,53.44,42.6,148.36,143.8,65.98,87.5,44.7,121.35,128.69,82.2,45.72,103.28,244.7,85.47,55.31,67.84,11.31,127.01,72.31,240.53,61.86,44.35,95.5,57.01,63.25,104.88,113.9,96.33,81.89,75.12,118.53,38.82,13.69,53.93,163.7,164.71,128.36,120.39,856,81.63,106.19,164.6,118.88,51.32,51.22,61.14,137.25,71.32,110.67,49.76
3/29/2017,53.12,41.96,149.67,144.12,65.77,89.51,44.67,120.98,129.58,81.91,46.24,102.13,245.33,86.4,55.13,67.39,11.25,125.73,71.58,241.34,61.77,44.4,94.31,56.79,63.44,105.04,114.23,94.3,81.39,75.41,120.72,38.87,13.71,54.19,162.87,163.06,127.4,121.04,874.32,83.03,106.55,164.98,117.76,50.8,53.18,62.45,136.78,71.31,109.82,50.14
3/30/2017,53.32,42.54,148.67,143.93,65.46,89.14,44.55,120.52,129.61,82.2,46.11,102.17,248.88,86.32,54.69,67.16,11.08,126.91,72.32,239.8,62.57,44.32,95.44,56.77,60.53,105.14,113.96,93.66,81.64,75.86,122.08,38.89,14.05,54.12,163.94,164.38,129.66,120.91,876.34,80.64,106.77,167.08,118.48,51.14,52.09,62.17,135.6,71.89,109.82,50.19
3/31/2017,52.87,42.3,148.26,143.66,65.16,88.5,44.41,119.88,130.13,81.95,46.04,102.39,249,86.47,54.59,67.13,11.18,127.55,72.42,238.92,62.43,44.35,95.67,56.54,59.7,105.64,114.71,92.22,81.49,75.7,121.24,38.9,14.55,54.08,163.94,164.07,129.68,121.54,886.54,81.06,106.87,165.38,118.69,51.16,51.39,62,135.29,71.17,110.52,49.86
4/3/2017,53.2,42.45,145.5,143.7,65.03,87.33,44.47,117.64,129.59,81.24,45.8,101.27,250.33,85.39,54.57,67.15,11.19,128.74,72.66,237.68,61.79,44.32,95.01,56.02,58.1,105.03,116.36,92.37,81.32,75.72,119.29,38.89,14.64,53.67,162.97,163.89,129.57,121.15,891.51,80.5,106.79,166.49,118.33,50.46,51.04,61.79,134.95,70.29,110.75,49.53
4/4/2017,52.62,40.9,143.04,144.77,65.11,86.93,44.18,118.04,130.04,81.24,45.41,101.45,250.97,84.95,54.72,67.29,11.27,127.85,72.61,238.43,62.18,44.44,94.96,56.38,59.3,105.5,115.61,90.22,81.63,74.9,118.3,39,14.16,53.76,160.09,164.36,128.9,120.74,906.83,79.89,105.57,165.7,118.9,50.13,51.89,62.71,135.35,69.9,111.24,49.04
4/5/2017,52.71,41.31,142.74,144.02,64.96,87.18,43.8,117.64,129.89,80.04,45.26,101.93,250.26,83.54,55.05,67.83,11.16,127.28,72.19,237.77,61.62,44.64,94.35,56,58.8,105.21,114.8,90.05,81.42,74.13,116.21,38.38,14.17,53.69,159.2,162.24,128.02,120.64,909.28,78.83,105.17,164.75,119.23,49.67,51.7,62.85,135.24,69.57,110.96,49.2
4/6/2017,53.15,41.72,142.56,143.66,65.08,87.64,43.67,116.81,130.15,80.32,45.25,101.75,253.36,84.07,54.71,67.62,11.16,128.84,72.95,238.34,61.84,44.86,94.79,56.4,58.75,106.03,115.19,89.43,81.44,74.7,115.49,38.58,13.27,54.21,160.63,162.25,129.71,121.95,898.28,79.32,106.14,165.92,119.39,49.89,52.96,62.89,135.19,69.93,112.18,49.36
4/7/2017,52.84,41.81,142.05,143.34,65.54,87.62,43.83,117.44,130.22,80.01,44.89,102.19,251.04,84.79,54.52,67.32,11.04,128.36,72.9,238.85,61.34,44.92,94.69,56.33,58.1,105.94,114.74,89.17,81.11,74.69,115.62,38.93,13.52,54.15,160.81,163.38,129.3,122.12,894.88,80.17,105.59,166.26,119.64,49.87,52.64,62.43,135.01,69.77,111.67,49.61
4/10/2017,52.72,42.32,142.84,143.17,64.97,88.44,43.59,117.84,130.16,79.33,44.99,102.14,247.66,85.66,54.71,67.5,11.15,129.3,73.55,240.12,61.48,44.99,94.85,56.34,58.51,104.86,114.73,89.04,81.36,74.62,117.41,38.86,13.1,54.51,161.19,162.79,129.37,122.48,907.04,80.93,105.86,167.44,119.76,50.33,53.99,62.89,135.76,69.64,112.77,49.04
4/11/2017,52.83,43.93,143.46,141.63,64.18,87.87,43.58,116.08,129.95,78.08,44.54,102.09,238.34,85.99,54.79,67.39,11.31,129.52,73.75,239.11,60.79,44.81,95.21,56.3,59.01,105.61,114.95,88.84,81.17,75.29,116.89,38.2,13.1,54.49,162.62,163.11,129.3,122.76,902.36,81.85,105.94,167.43,119.73,50.8,53.87,62.9,136.42,69.74,113.63,49.08
4/12/2017,52.55,43.96,141.74,141.8,64.37,86.82,43.48,115.58,129.38,76.87,44.65,101.95,238.9,85.62,55.39,67.79,11.37,129.08,73.35,237.83,60.17,44.24,93.63,55.79,58.88,104.12,114.11,88.66,80.97,75.24,114.57,37.77,12.76,53.52,162.25,163.05,127.54,122.37,896.23,81.18,105.56,166.43,118.67,49.85,53.81,62.54,135.51,68.84,113.63,48.64
4/13/2017,52.33,43.35,140.89,141.05,64.13,86.67,42.67,114.86,129.05,76.51,44.28,101.26,234.91,84.91,54.99,67.54,11.36,128.63,73,237.83,59.55,43.99,92.68,55.51,58.8,103.62,113.73,86.33,80.58,75.11,118.35,37.52,12.31,53.2,161.28,161.61,126.23,122.6,884.67,79.77,105.37,164.99,118.1,49.56,52.37,61.09,134.3,68.65,113.54,48.42
4/17/2017,53.46,44.23,140.84,141.83,64.31,86.64,43.31,115.72,129.99,76.39,44.68,101.86,238.51,85.99,55.43,67.74,11.43,129.31,73.53,236.13,59.93,44.59,94.22,56.28,58.82,104.63,115.18,86.91,81.5,76.23,118.83,38.02,12.79,53.97,163.94,162.11,127.75,124.25,901.99,79.37,106.4,166.94,119.05,50.42,52.5,61.21,135.86,69.53,115.07,48.8
4/18/2017,53.03,43.81,140.91,141.2,63.65,82.56,43.43,116.24,129.81,77.41,45.41,101.93,238,86.41,55.34,67.98,11.41,128.54,73.88,234.38,59.5,44.72,93.6,56.04,58.95,105.77,116.32,86.53,80.31,75.94,118.22,38.05,12.95,53.98,161.79,161.25,126.61,124.86,903.78,77.21,107.17,166.37,118.86,50.28,50.45,60.41,135.27,69.96,115.34,49.17
4/19/2017,53.07,44.4,142.42,140.68,63.45,81.85,43.59,116.95,130.22,76.99,44.6,102.07,240.64,87.93,54.89,67.74,11.37,129.26,73.57,236.34,58.98,44.3,93.97,55.82,59.68,105.84,117.55,87.19,79.75,76.83,120.49,39.25,12.84,53.86,162.77,161.26,126.9,124.67,899.2,75.49,107.78,166.79,119.12,50.37,49.19,59.13,134.96,70.12,115.66,49.35
4/20/2017,53.13,45.22,146.56,142.44,63.78,82.37,43.98,119.21,131.42,78.66,44.9,103.04,260.62,88.41,54.54,67.44,11.42,131.93,74.17,237.94,59.67,44.05,95.11,56.25,60.2,105.52,118.87,88.37,80.15,77.72,118.72,39.89,13.11,54.77,164.58,162.04,129.57,124.3,902.06,76.39,108.01,168.07,120.56,51.01,49.02,59,136.9,70.82,115.94,49.95
4/21/2017,53.27,45.15,146.84,142.27,63.82,81.26,43.53,119.23,131.52,77.63,44.81,102.69,259.51,88.58,55.09,67.86,11.38,131.18,73.99,236.35,59.13,44.15,94.7,55.61,60.28,105.1,118.44,89.11,79.73,77.91,116.82,39.79,13,54.84,163.31,160.41,128.44,124.43,898.53,77.89,108,167.8,118.43,51.37,49.02,59.29,137.3,70.47,115.43,49.87
4/24/2017,54.44,46.44,147.1,143.64,64.66,80.94,44.13,119.36,132.89,79.22,45.38,104.14,260.87,90.14,55.43,67.97,11.59,132.6,74.65,236.98,59.69,43.81,96.12,56.05,61.39,106.83,120.34,90.68,80.9,78.24,119.54,40.44,13.13,56.58,166.45,163.14,131.86,123.85,907.41,80.04,109.6,168.41,119.04,52,48.74,59.37,139.76,71.93,113.2,50.88
4/25/2017,54.81,46.61,145.67,144.53,65.1,81.49,43.76,118.69,133.49,79.35,45.58,105.01,263.01,90.32,55.08,67.86,11.62,133.83,75.01,238.22,60.07,44.65,96.92,56.44,61.8,108.09,118.78,91.42,81.22,78.75,120.55,40.79,13.49,57.03,166.12,164.7,130.88,123.94,907.62,80.66,109.77,172.46,120.07,52.76,50.25,60.08,141.73,72.18,114.33,51.36
4/26/2017,54.83,46.4,145.78,143.68,65.04,81.25,43.8,118.98,132.79,77.98,45.27,104.86,262.33,90.23,55.16,67.69,11.45,133.99,74.8,239.5,60.16,44.84,97.02,56.35,62.24,108.3,119.74,88.25,81.8,79.72,120.73,40.71,13.41,57.1,165.93,164.61,129,122.81,909.29,80.07,110,179.03,120.07,52.97,50.01,59.96,141.58,71.73,113.59,51.36
4/27/2017,55.43,43.98,143.19,143.79,66.07,82.12,43.65,120.49,133.38,77.85,45.78,105.16,260.54,90.63,55.03,68.1,11.29,133.98,75.05,243.05,61.15,44.45,97.12,56.73,59.75,108.18,120.09,84.93,81.98,80.62,126.91,41.33,13.62,57.26,165.67,162.72,128.46,125.77,918.38,79.85,110.15,178.3,120.14,54.42,48.32,57.12,141.1,72.78,112.96,51.91
4/28/2017,55.05,42.62,142.14,143.65,65.94,82.05,43.64,121.3,133.74,76.2,45.75,104.49,249.63,90.07,54.69,67.83,11.31,135.07,74.88,243.86,60.91,43.74,96.24,55.81,60.94,108.91,134.62,85.09,81.29,78.64,127.78,40.61,13.3,57.2,165.59,163.32,127.85,125.94,924.99,79.71,110.16,177.89,119.84,53.88,48.64,57.02,140.5,72.31,112.51,52.25
5/1/2017,55.8,42.08,140.53,146.58,66.48,82.49,43.48,121.25,135.11,76.22,45.73,103.97,253.48,91.98,54.27,67.47,11.31,136.78,74.44,245.23,61.61,43.35,97.25,55.94,61.48,109.39,133.68,84.42,81.5,77.7,131.59,41.7,13.62,57.59,155.84,162.6,128.81,127.51,948.23,78.88,110.9,179.2,120.29,53.67,48.79,56.67,142.03,71.89,112.82,52.7
5/2/2017,55.93,43.87,142.55,147.51,66.63,82.66,43.6,120.68,135,75.51,41.67,104.01,255.9,93.45,54.25,68.01,11.3,138.91,75.02,245.5,61.53,43.13,98.14,55.07,62.5,108.38,134.12,86.49,81.83,77.62,133.41,41.71,10.32,59.03,154.79,163.49,129.11,127.91,946.94,79.55,110.85,181.27,119.92,53.21,48.47,56.28,143.52,71.5,114.56,53.03
5/3/2017,56.16,43.92,142.82,147.06,66.74,82.67,43.72,120.3,134.85,75.6,41.31,97.51,254.27,93.35,54.24,67.9,11.19,138.95,74.76,243.76,61.54,42.83,104.51,55.01,52.8,107.65,131.97,86.6,84.93,77.28,130.43,41.55,10.39,59.91,155.31,163.81,129.02,126.79,941.03,79.56,111,179.94,120.34,54.02,48.8,51.95,143.82,71.29,113.32,52.84
5/4/2017,56.7,43.91,144.81,146.53,67.23,86.53,44.59,120.82,134.61,75.66,42.4,99.1,253.68,93.25,54.81,68.02,11.09,140.09,74.39,245.25,62.67,43.17,104.47,55.36,52.86,108.71,141.89,85.43,85.57,77.35,130.15,41.62,10.1,60.39,155.43,164.29,128.1,127.39,937.53,78.92,119.49,179.89,121.2,54.81,47.9,51.94,144.76,71.84,114.28,53.1
5/5/2017,56.64,44.51,144.98,148.96,66.99,85.89,44.64,121.52,134.84,75.79,42.43,99.29,255.49,93.24,54.78,68.41,11.32,140.77,74.35,244.94,62.71,43.96,103.92,55.71,52.13,110.01,138.03,85.24,85.45,77.5,128.82,41.83,10.19,60.19,154.71,163.81,128.82,128.69,934.15,80.86,121.2,180.3,122.27,55.33,49.29,52.59,147.22,72.13,114.83,53.83
5/8/2017,56.32,44.94,146.97,153.01,66.21,86.59,44.68,121.11,135.12,76.38,42.96,96.7,257.36,93.39,54.63,67.73,11.31,141.56,74.33,241.95,61.92,43.09,105.3,55.48,50.17,109.56,137,83.53,84.77,76.8,124.48,41.54,10.04,59.93,154.04,163.03,128.38,128.87,949.04,81.85,121.13,179.83,122.81,54.84,50.25,52.31,146.19,72.53,114.72,53.99
5/9/2017,56.87,47.08,146.12,153.99,66.17,87.54,44.67,121.07,135.6,78.5,42.36,97.08,260.21,94.74,54.21,67.31,11.34,142.4,73.86,238.51,61.82,42.9,104.43,55.22,50.4,109.33,138.17,84.21,84.17,76.98,124.7,42.04,10.18,60.3,154,163.22,128.91,128.09,952.82,83.47,121.29,177.73,124.3,54.84,50.45,51.33,145.3,72.66,113.52,54.62
5/10/2017,56.27,47.3,146.16,153.26,65.98,88.14,44.5,121.2,136.15,79.03,42.29,96.63,258.56,95.87,54.45,67.41,11.57,143.04,74.43,229.72,61.37,43.35,103.63,55.48,49.85,110.57,137.01,83.19,84.29,76.83,120.95,42.87,10.79,59.95,154.04,160.51,129.09,127.1,948.95,83.08,120.54,180.13,124.09,54.35,51.21,52.08,145.25,72.98,114.53,55.99
5/11/2017,56.23,46.54,145.95,153.95,65.3,88.86,43.86,120.8,136.29,78.44,42.03,96.46,251.1,95.41,54.45,67.55,11.47,144.39,73.96,231.01,61.79,43.2,102.65,55.13,49.85,110.74,137.46,83.65,83.91,77.29,119.04,43.48,11.07,59.85,152.42,160.08,127.59,126.28,947.62,81.83,119.89,182.72,124.3,54.11,51.07,51.54,143.86,72.62,115.07,55.75
5/12/2017,56.16,45.83,145.02,156.1,66.06,88.75,43.96,120.96,136.84,78.63,41.96,97.17,243.47,95.39,54.93,68.06,11.33,142.9,73.43,230.88,60.99,43.22,102.05,54.73,49.43,110.38,138.67,83.59,84.13,76.73,120.08,43.44,11.26,59.47,153.58,160.22,126.13,126.12,961.35,80.86,119.9,181.44,124.24,53.54,51.45,51.63,144.07,72.85,115.85,56.01
5/15/2017,56.7,46.68,145.85,155.7,66.67,89.92,44.04,122.25,137.6,80.21,42.14,98.45,244.85,96.63,55.17,68.56,11.4,142.21,73.73,228.22,61.82,43.07,102.26,55.19,49.83,112.05,138.46,84.87,84.53,77.24,120.93,44.32,11.42,59.72,154.75,159.97,128.77,127.93,957.97,81.96,120.46,182.3,125.76,54,50.97,51.88,145.08,73.17,115.85,56.41
5/16/2017,56.83,46.94,145.25,155.47,66.85,89.12,43.69,123.14,138.03,81.05,41.9,98.32,245.06,98.03,54.66,67.86,11.32,141.86,73.74,224.55,62.08,42.64,101.97,55.31,49.15,112.37,138.61,84.73,84.33,78.48,120.3,45.07,12.75,59.81,154.55,159.99,129.92,128.37,966.07,81.88,121.3,180.81,125.98,54.5,50.97,51.75,144.35,73.74,115.84,56.78
5/17/2017,55.77,44.92,144.56,150.25,65.37,86.28,43.08,120.44,134.33,78.42,41.52,97.3,238.19,93.97,54.43,68.15,11.33,139.06,73.62,220.33,61.56,42.87,100.16,54.96,47.5,110.54,136.08,82.19,84.36,77.01,116.15,42.76,11.2,59.47,151.08,157.06,123.34,130.74,944.76,81.84,119.84,176.12,125.98,53.43,50.19,51.74,142.57,72.56,116.53,54.23
5/18/2017,55.85,44.65,148.51,152.54,65.63,86.69,42.98,120.4,134.54,80.48,41.31,98.35,234.66,95.83,55.3,68.31,11.18,140.23,73.72,218.73,61.39,42.79,99.28,55.38,47,110,137.69,83.04,84.72,77.32,116.67,43.91,11.275,59.14,149.51,157.96,124.42,127.98,958.49,81.49,120.34,176.69,126.69,53.02,49.92,52.08,142.71,72.45,117.09,55.15
5/19/2017,56.13,45.22,151.47,153.06,65.58,89.16,43.16,120.98,136.43,81.24,41.5,98.62,235.17,109.91,55.6,68.72,11.2,141.36,73.87,219.13,61.2,43.04,99.53,55.76,47.38,110.32,138.43,84.57,84.13,79.06,113.84,44.08,11.41,60.06,152.69,156.51,125.83,128.32,959.84,83.31,122.2,176.41,127.28,53.81,51.16,53.3,143.1,72.9,117.67,55.88
5/22/2017,56.08,46.21,147.37,153.99,65.44,89.48,43.73,122.71,138.86,82.09,41.5,99.45,238.27,113.36,56.42,69.42,11.36,141,73.9,219.52,61.38,43.15,99.59,56.27,47.75,110.58,138.1,85.28,84.79,79.46,115.42,44.73,11.04,60.58,153.98,153.02,125.11,128.73,970.67,83.26,124.12,176.5,128.37,53.86,50.02,53.35,143.31,73.6,117.9,57.12
5/23/2017,58.66,46.66,140.66,153.8,65.84,89.19,43.68,122.15,139.52,81.96,43.04,99.53,236.21,112.97,56.46,69.59,11.37,141.89,74.13,220.66,62.17,43.28,99.49,56.69,47.41,111.71,138.22,85.78,85.4,78.9,104.64,44.91,10.89,60.56,152.66,154.07,122.98,128.73,971.54,83.02,124.66,177.71,128.56,54.13,50,53.57,142.83,73.37,118.61,57.8
5/24/2017,59.23,46.77,133.02,153.34,65.93,89.97,43.53,121.95,141.12,82.12,42.55,99.98,237.71,112.48,56.14,70.2,11.75,143.94,73.83,224.16,62.6,43.27,99.4,56.84,47.62,112.05,138.65,84.54,85.81,79.05,101.08,44.63,10.89,60.99,152.5,154.6,121.81,129.3,980.35,83.09,124.01,180.08,129.19,54.29,49.87,53.35,144.14,73.93,118.28,58.51
5/25/2017,59.3,48.02,131.97,153.87,66.32,91.11,43.95,123.1,142.85,82.34,42.62,101.16,245.62,113.89,56.05,70.8,11.78,145.23,74.71,224.36,63.12,43.19,100.45,57.55,48.06,112.59,141.39,86.58,86.28,79.46,98.5,45.02,10.98,61.09,154,155.43,122.61,131.05,993.38,84.2,126.21,181.5,130.32,54.5,47.71,52.07,144.12,74.57,117.36,59.22
5/26/2017,59.51,48.74,134.16,153.61,66.06,91,44.71,122.89,141.89,82.81,42.45,101.35,244.04,113.03,56.15,70.87,11.79,145.57,74.84,223.12,63.55,43.18,99.28,57.12,47.39,112.86,142.1,86.62,86.5,79.38,97.7,45.5,11,60.87,153.92,155.01,122.3,131.11,995.78,83.46,125.72,183.08,130.01,54.07,48.19,51.84,143.91,74.8,117.27,58.28
5/30/2017,60.37,47.96,132.99,153.67,66.02,91.03,45,123.77,142.41,84.8,42.11,101.53,242.15,113.16,56.46,71.21,11.7,145.55,75.14,222.11,64.1,42.92,98.55,56.97,47.43,112.46,143.33,85.81,86,78.46,97.78,45.56,11.12,60.8,153.02,153.85,121.1,132.12,996.7,84,126.78,183.32,130.71,54.38,47.56,50.77,143.97,74.88,117,58.58
5/31/2017,60.34,48.41,133.63,152.76,66.02,91.77,45.66,124.47,141.86,85.76,41.58,102.37,241.13,111.77,56.75,71.78,11.68,144.86,75.38,223.75,63.63,42.92,97.98,56.73,47.15,113.6,145.2,87.05,86.34,78.63,98.03,45.88,11.19,61.02,153.85,155.24,120.79,131.19,994.62,83.24,126.33,182.35,130.91,54.87,46.76,50.53,144.06,74.6,116.68,58.58
6/1/2017,60.73,49.05,137.1,153.18,66.71,93.14,46.1,125.29,141.38,82.21,41.82,103.35,241.65,113.03,56.8,72.21,11.95,147.65,75.93,227.39,63.9,43.05,100.15,57.46,48.3,113.36,145.91,88.23,86.94,79.14,100.58,46,10.93,61.51,160.34,156.24,123.13,131.83,995.95,83.25,127.86,187.69,131.64,55.24,47.3,51.11,145.08,75.13,117.94,59.56
6/2/2017,60.81,49.52,137.8,155.45,67.25,93.58,46.5,125.74,143.48,80.91,42.22,100.98,237.84,112.91,57.17,72.67,11.91,147.73,75.93,228.16,64.24,43.69,100.16,57.35,48.53,114.09,149.7,89.31,86.67,80.06,101.83,46.8,10.9,61.86,161,159.15,122.67,132.49,1006.73,84.51,129.49,187.58,131.4,56.25,46.99,50.06,146.79,75.56,120.04,59.65
6/5/2017,60.4,49.74,135.57,153.93,67.51,93.32,46.62,126.58,143.59,78.75,41.94,101.1,236.51,110.88,56.88,72.4,11.71,148,75.76,228.18,63.83,44.04,99.09,56.91,48.91,113.61,148.83,89.3,86.61,80,101.61,46.72,11.24,61.8,161.99,160.22,122.21,131.61,1011.34,86.84,129.54,186.69,131,56.17,46.73,49.64,144.96,75.59,120.34,59.8
6/6/2017,60.1,49.74,131.3,154.45,67.87,91.69,46.36,126.33,143.03,80.1,41.95,101.2,240.26,111.45,56.82,72.13,11.91,148,74.79,228.31,63.31,44.08,98.99,56.25,48.45,112.68,148.62,89.2,85.82,78.54,101.47,46.57,12.03,61.5,159.85,159.53,120.92,131.7,1003,88.74,128.4,187.65,130.46,55.27,48.04,50.1,144.12,75.55,118.57,59.84
6/7/2017,60.63,50.86,130.62,155.37,68.75,91.93,46.56,126.55,143.62,80.83,41.91,100.94,238.24,111.17,56.89,72.62,11.57,149.58,74.93,228.19,63.16,44.22,98.71,56.93,48.54,112.8,149.13,91.69,85.87,78.33,100.14,47.26,12.38,61.53,160.51,161.66,121.95,131.82,1010.07,89.43,128.34,188.33,131.41,55.82,46.78,47.17,143.36,75.92,118.88,60.53
6/8/2017,60.15,51.43,125.92,154.99,68.76,91.57,46.72,126.17,142.63,82.44,42.01,100.77,242.01,111.12,56.35,71.95,11.56,149.31,75.2,229.41,63.66,44.09,99.29,57.39,48.91,114.27,151.82,90.54,86.56,77.65,102.92,47.43,12.9,61.96,159.77,162.65,123.26,130.97,1010.27,89.46,126.96,187.59,131.71,56.37,47,46.63,143.5,76.18,118.55,60.55
6/9/2017,59.21,50.27,128.36,148.98,69.67,92.1,47.29,125.82,138.05,78.6,42.02,100.11,241.36,105.95,56.29,71.86,11.72,149.79,78,232.36,64.18,44.36,101.68,57.88,48.13,115.4,148.85,89.93,87.37,77.23,105.38,44.74,12.28,62.38,162.49,164.06,126.49,130.28,978.31,91.78,124.52,186.92,132.64,56.04,48.34,47.98,145.85,75.76,118.63,58.03
6/12/2017,58.99,49.48,130.95,145.42,69.53,92.36,47.17,126.3,137.25,79.74,42.43,101.54,244.39,107.44,56.13,71.41,11.75,147.85,77.62,230.77,63.82,44.15,101.3,58.05,49.52,111.19,143.41,89.04,87.92,78.45,106.88,44.34,12.09,61.76,162.15,164.88,127.43,129.18,964.91,91.19,122.4,186.74,133.03,56.12,48.42,48.3,144.43,75.42,118.61,56.76
6/13/2017,59.28,49.45,131.63,146.59,69.67,93,47.46,127.07,139.09,81.23,42.36,101.87,246.29,107.55,56.29,71.65,11.93,148.77,77.9,230.79,64.23,44.32,101.73,58.13,49.63,112.66,144.38,88.91,87.97,79.28,108,44.85,11.96,62.05,161.85,164.43,127.25,130.19,980.79,94.22,122.47,187.16,134.06,56.84,49.22,49.22,146.27,75.92,118.69,57.9
6/14/2017,59.38,49.39,130.59,145.16,70.52,93.9,47.64,127.25,138.25,80.94,42.05,101.25,243.31,106.2,56.41,71.96,11.91,150.13,78.1,233.04,64.25,44.49,102.33,57.97,49.25,109.27,144.3,89.17,88.82,79.75,118,43.98,11.77,61.54,163.25,165.1,127.83,130.5,976.47,92.13,122.74,188.77,135.01,56.86,47.72,47.28,145.56,75.94,118.97,58.45
6/15/2017,59.21,49.11,131.15,144.29,70.6,94.43,48.12,127.03,137.52,79.75,42.36,102.17,250.04,105.58,56.48,72.14,11.92,149.3,77.8,234.76,63.81,44.44,103.52,58.81,49.19,106.05,144.02,88.41,89.79,80.75,117.98,43.16,11.5,62.21,163,164.11,129.61,130.87,964.17,91.73,121.08,188.75,135.65,56.8,47.8,46.11,145.21,76.02,118.91,58.91
6/16/2017,59.51,48.79,130.16,142.27,71.05,92.53,48.21,127.56,137.84,80.04,42.56,103.49,254.9,104.88,57.08,72.42,11.92,150.59,78.38,235.49,63.79,44.51,104.48,58.97,49.5,108.09,145.26,88.74,89.82,81.58,113.98,43.11,11.44,62.33,164.25,162.42,130.35,131.95,987.71,92.43,121.75,189.96,136.46,56.74,49.54,47.04,145.51,75.63,117.88,58.8
6/19/2017,60.55,49.66,129.6,146.34,71.34,93.75,48.89,127.77,140.35,80.37,42.44,104.11,257.41,106.16,56.79,72.06,11.91,151.73,79.26,237.67,63.95,44.72,104.74,59.01,49.49,108.33,149.7,90.77,89.41,82.17,116.16,44.29,11.93,62.86,166.37,165.09,132.12,132.33,995.17,92.77,122.65,192.74,136.8,57.52,49.82,46.7,146.15,75.65,119.12,60.32
6/20/2017,60.33,48.03,123.58,145.01,71.22,93.25,48.77,126.53,140.91,79.2,41.48,102.48,258.1,104.93,57.09,72.56,11.9,151.6,78.71,238.63,63.39,44.43,103.98,58.66,48.64,107.74,146.99,89.39,89.26,81.91,119.05,43.36,12.64,61.87,165.62,166.29,130.68,131.2,992.59,91.96,120.93,192,136.15,56.79,47.72,46.29,144.74,74.95,119.26,60.15
6/21/2017,59.79,48.43,120.11,145.87,71.34,95.62,48.57,127.11,144.24,79.98,41.25,102.5,258.94,105.69,56.47,72.4,11.67,152.1,77.97,244.39,63.22,43.99,102.25,57.9,49.28,106.19,149.42,90.83,89.24,81.51,123.58,43.62,13.98,60.51,161.86,171.35,128.24,130.61,1002.23,91.15,122.41,192.07,135.3,56.45,45.66,45.35,143.48,74.73,119.05,60.68
6/22/2017,60.61,48.97,120.7,145.63,73.18,96.37,49.27,122.08,143.69,81.32,41.03,101.91,259.67,106.78,56.27,71.79,11.57,152.98,77.32,247.11,63.05,43.83,100.26,57.1,50.02,105.2,149.69,91.02,88.31,81.19,126.23,43.34,14.38,60.58,162.05,173.82,126.35,130.87,1001.3,91.06,122.65,193.36,134.25,56.27,45.63,45.09,144.25,74.37,120.79,61.16
6/23/2017,59.77,48.63,119.74,146.28,72.64,95.82,49.08,122.74,145.41,81.55,41.16,101.41,261.25,107.75,55.94,71.55,11.56,152.1,77.6,246.46,63.02,43.78,101.25,56.71,51.3,104.85,153.5,91.63,88.08,81.45,126.07,44.09,14.17,60.43,161.27,172.5,125.55,131.88,1003.74,92.28,122.52,190.17,132.4,56.36,46.08,45.5,144.94,75.08,120.6,60.44
6/26/2017,59.24,48.78,121.79,145.82,72.74,95.99,48.91,122.34,144.96,80.57,41.3,102.21,260.91,106.12,56.43,71.87,11.68,151.19,77.51,248.91,63.18,43.76,103.88,56.86,50.87,105.02,151.67,90.87,88.42,81.41,125.09,43.25,14.08,60.42,162.36,173.67,126.19,132.46,993.98,92.32,122.78,188.15,133.03,56.75,46.21,44.92,144.91,74.76,121.28,60.22
6/27/2017,58.88,48.5,121.96,143.73,72.39,95.53,48.67,122.19,142.54,78.14,41,101.5,259.96,102.92,55.89,70.72,11.5,151.19,77.77,246.09,63.41,43.01,103.64,56.51,50,104.47,149.34,88.92,88.17,80.59,122.11,41.89,13.4,60.09,162.71,170.85,125.79,135.75,976.78,93.53,121.27,187.41,132.58,56.28,46.21,43.8,143.83,74.23,121.6,58.29
6/28/2017,59.4,49.25,116.71,145.83,72.92,96.38,48.48,123.74,143.81,79.2,41.14,102.68,262.6,104.28,55.33,70.15,11.33,151.94,78.31,246.71,63.84,42.66,104.8,57.39,50.63,106.92,152.24,88.41,88.58,81.24,125.81,42.69,13.23,60.57,165.94,174.07,128.41,134.53,990.33,94.45,122.03,187.92,133.98,56.5,47.14,43.79,144.84,75.11,120.53,58.81
6/29/2017,58.8,49.62,116.05,143.68,72.48,95.76,48.73,122.99,141.24,77.74,40.63,101.46,258.12,101.39,54.7,69.6,11.16,151.78,77.6,244.02,63.5,42.69,104.2,57.02,50.24,104.67,148.62,89.1,88.13,79.82,122.43,41.44,12.6,60,165.01,172.59,128.02,132.82,975.93,93.24,120.43,187.17,132.84,55.95,47.45,45.25,141.77,73.76,118.99,57.58
6/30/2017,59.31,50.32,116.59,144.02,72.51,94.53,48.61,123.68,141.44,77.8,41.38,102.46,256.69,100.82,54.67,69.47,11.11,151.83,77.68,243.09,62.52,42.97,103.69,57.25,49.81,105.54,150.12,89.76,88.44,81.12,121.67,41.31,12.48,60.57,165.86,172.23,127.29,132.32,968,93.6,121.68,188.13,132.95,56.33,47.93,45.34,143.06,73.82,120.47,57.57
7/3/2017,59.13,50.39,118.41,143.5,72.42,94.7,48.71,123.93,138.41,76.11,41.46,102.42,258.23,99.36,54.13,69,11.01,152.4,78.42,243.98,63.29,43.18,105.15,57.53,50.09,106.03,149.03,90.22,88.63,81.37,121.08,41.01,12.15,61.21,168.32,172.8,130.14,131.41,953.66,95.03,120.47,189.6,133.16,56.55,49.33,46.1,144.29,73.1,120.95,56.26
7/5/2017,59.77,51.26,105.21,144.09,72.48,95.22,49,124.05,141.21,77.74,41.8,104.07,259.28,102.6,53.86,68.82,10.87,153.33,78.3,244.29,62.78,43.76,104.55,57.49,50.95,108.02,151.94,91.28,88.81,82.14,125.05,42.12,13.19,61.22,170.29,174.26,131.13,132.25,971.4,94.13,120.87,191.25,132.97,57.2,47.65,44.81,142.61,73.77,120.35,57.16
7/6/2017,59.22,52.05,103.16,142.73,71.73,92.51,47.94,122.94,140.75,77.33,41.1,103.44,254.33,102.05,53.75,69.02,10.68,152.33,77.53,241.55,63.08,42.76,104.15,57.16,49.36,108.05,149.74,91.4,88.72,80.66,121.09,42.11,13.02,61.17,166.18,171.72,129.15,131.54,965.14,94.13,120.94,190.28,133.39,56.58,45.77,43.62,142.13,72.48,118.15,56.62
7/7/2017,59.63,53.03,101.93,144.18,72.03,93.91,48.44,124.21,142.22,78.47,41.24,105.14,256.17,103.32,54.14,69.15,10.76,153.88,77.98,240.69,63.35,42.65,105.32,57.71,49.24,109.99,151.95,93.89,89.19,81.22,123.06,43.54,13.36,61.56,169.87,171.43,131.31,133.14,978.76,96.26,122.39,191.61,135.01,57.25,45.11,43.36,144.01,73.39,118.53,58.09
7/10/2017,59.86,52.66,101.17,145.06,71.83,92.49,48.23,124.06,143.34,78.73,40.81,103.66,256.04,103.74,53.95,68.89,10.94,154.04,77.65,241.17,63.07,42.59,104.93,57.46,49.65,111.34,151.58,92.94,88.85,81.53,123.76,44.21,13.81,61.7,172.71,172.2,132.85,131.21,996.47,96.12,122.24,192.12,135.3,57.2,47.11,43.59,143.5,73.77,117.21,58.51
7/11/2017,59.8,51.61,100.25,145.53,71.84,92.18,48.15,123.85,142.93,79.86,40.29,101.84,259.32,104.3,53.81,68.84,10.93,154.04,77.64,242.12,62.91,42.42,104.45,56.76,49.83,112.95,151.59,91.57,87.94,81.47,124.32,45.4,13.89,61.62,171.65,173.32,131.44,130.93,994.13,96.39,122.86,192.1,134.04,57.14,47.2,43.64,142.77,73.66,117.85,57.98
7/12/2017,60.73,53.8,100.94,145.74,71.88,93.21,48.43,125.47,145.91,80.37,40.9,102.5,260.27,106.68,54.4,68.99,11.1,154.6,77.65,245.59,63.19,42.97,104.46,56.87,50.55,116.54,152.51,94.63,88.2,81.99,124.94,45.28,14.29,62.22,174.03,173.27,133.31,133.88,1006.51,96.46,124.59,193.54,134.66,57.47,47.58,43.82,143.73,74.58,119.06,61.02
7/13/2017,61.19,53.81,103.22,147.77,72.63,92.86,48.08,125.73,145.05,80.27,41.38,101.63,264.57,107.07,54.09,68.28,11.02,155.04,77.9,244.13,64.13,42.81,105.19,57.56,50.08,117.68,152.19,93.74,88.6,80.79,126.91,45.3,13.53,61.76,175.15,175.04,134.19,134.14,1000.63,96.79,124.51,192.55,135.63,57.48,48.24,44.45,144.37,74.59,118.73,60.5
7/14/2017,61.52,54.22,102.04,149.04,73.11,92.96,48.91,126.7,146.16,81.55,41.48,101.35,264.14,108.74,54.43,68.17,11.03,155.27,77.87,245.85,64.11,43.26,104.63,57.61,50.62,117.57,154.3,92.63,89.05,80.77,126.71,46.12,13.92,61.9,175.53,177.13,134.74,136.04,1001.81,97.58,124.59,192.56,136.22,57.44,48.56,44.73,145.57,74.55,120.04,60.75
7/17/2017,61.55,53.87,101.74,149.56,72.7,92.71,48.76,126.42,146.4,81.09,41.6,101.7,262.07,106.94,54.89,68.55,11.12,155,77.75,247.53,64.05,43.63,105.01,57.5,51.77,116.86,156.21,92.08,88.49,80.83,125.78,46.15,13.8,61.87,176.3,177.4,134.72,135.4,1010.04,97.04,124.67,192.09,136.84,57.61,48.68,45.22,145.55,74.84,121.13,60.5
7/18/2017,61.21,53.15,100.3,150.08,72.23,91.37,48.74,127.37,147.89,81.14,41.18,101.305,262,107.7,55.36,68.36,11.24,153.31,77.87,245.73,63.87,43.3,104.54,57.56,51.53,117.73,156.02,90.75,88.88,80.6,126.77,46.62,13.48,61.41,176.99,177.48,134.57,136.18,1024.45,97.11,125.03,189.45,137.41,57.31,47.73,43.77,145.24,74.91,120.7,61.33
7/19/2017,61.38,52.61,100.87,151.02,72.77,91.17,49.43,127.78,148.92,80.37,41.28,102.75,263.53,110.25,55.66,68.65,11.32,154.24,77.89,246.41,64.19,43.73,105.92,57.69,52.1,119.16,159.28,90.27,89.25,80.7,127.3,47.18,13.55,61.62,176.99,179.18,136.04,135.42,1026.87,97.75,126.18,190.29,138.07,57.58,49.86,44.91,146.21,75.58,122.09,61.33
7/20/2017,60.98,52.34,103.23,150.34,74.01,91.95,50.85,128.54,149.94,80.85,41.42,103.34,238.62,109.91,56.14,68.7,11.37,155.73,77.68,249.07,64.23,43.9,105.71,58.27,52.36,117.91,160.17,89.1,89.22,81.09,129.81,47.25,13.8,61.14,177.91,179.32,136.79,136.24,1028.7,97.54,126.01,190.69,138.84,56.67,49.35,43.84,146.01,75.66,122.07,61.08
7/21/2017,61.37,51.91,105.27,150.27,74.63,91.62,50.84,128.85,149.52,78.96,41.26,104.58,236.54,109.75,56.53,69.98,11.42,156.31,77.57,250.97,64.2,44.23,105.41,58.65,52.13,118.34,158.87,88.25,89.16,80.41,131.79,46.81,13.88,60.91,178.35,180.21,136.34,136.9,1025.67,96.99,126.67,190.65,139.14,55.94,48.41,44.06,145.64,75.57,121,60.93
7/24/2017,61.5,51.28,103.17,152.09,73.91,93.13,50.8,128.01,149.53,78.75,41.38,103.54,240.15,110.81,55.92,69.19,11.32,156.08,77.62,253.52,64.53,43.68,106,58.83,52.37,118.6,161.19,87.01,89.77,80.31,130.74,46.78,14.16,61.21,179.05,181.06,137.56,137.07,1038.95,96.71,127.39,191,139.63,55.29,47.96,44.21,144.94,75.64,120.52,61.44
7/25/2017,60.54,50.61,105.29,152.74,72.52,94.65,50.83,128.95,148.21,79.52,41.96,103.18,242.07,112.26,55.8,68.84,11.24,156.25,78.06,254.62,65.29,43.43,106.27,59.1,53.28,118.8,158.56,87.13,90.21,79.1,129.35,46.4,14.11,61.78,181.46,180.89,138.84,136.62,1039.87,97.8,127.91,190.58,140,55.01,48.86,45.72,145.04,75.84,120.14,60.95
7/26/2017,59.72,51.01,106.7,153.46,72.59,94.21,50.4,129.51,149.78,80.72,41.71,105.98,238.76,114.08,56.34,69.45,11.16,155.69,77.35,256.15,65.19,43.88,105.14,58.67,45.49,117.2,158.69,87.72,89.4,78.49,131.07,47.45,14.76,61.51,181.59,175.89,144.65,137.87,1052.8,97.79,127.88,184.99,138.95,54.19,48.86,45.17,143.9,74.94,120.82,62.64
7/27/2017,59.91,50,110.34,150.56,71.73,92.78,50.11,128.16,146.2,79.55,41.78,115.63,240.71,111.52,56.27,70.67,11.1,153.9,77.12,254.16,65.17,44.01,104.94,58.03,46.01,116.37,157.26,87.98,89.68,81.2,133.92,46.04,14.12,61.6,178.84,172.15,142.5,134.86,1046,97.7,127.58,183.52,135.91,53.91,50.22,47.32,143.65,75.84,120.85,61.17
7/28/2017,60.08,50.49,110.21,149.5,70.44,93.97,49.61,128.4,146.73,79.24,41.78,117.38,241.05,111.5,56.16,70.43,10.98,155.29,79.38,253.01,65.27,45.26,105.47,59.41,46.89,116.5,173.06,86.32,90.5,81.4,137.99,45.25,13.95,61.85,178.65,174.54,144.45,138.34,1020.04,97.87,128.43,187.79,138.67,54.29,50.01,46.32,143.49,76.13,120.4,61.45
7/31/2017,59.79,50.44,112.01,148.73,69.91,93.82,49.18,128.82,146.49,79.01,42.18,118.91,241.43,110.79,56.1,70.54,11.18,154.31,79.75,252.33,65.45,45.55,105.27,58.79,47.14,115.8,167.23,85.23,91,81.24,137.34,44.31,13.61,61.58,185.83,174.51,144.88,136.33,987.78,99.53,129.55,186.21,138.17,53.55,49.48,45.67,142.15,76.62,121.25,61.78
8/1/2017,59.94,51.06,114.05,150.05,70.38,92.98,49.15,129.86,147.36,78.95,43.3,116.78,239.87,111.38,56.53,70.62,11.2,154.54,80.89,252.2,65.48,45.6,106.26,59.19,47.53,117.43,169.43,85.51,91,81.47,137.79,44.1,13.71,61.62,185.98,174.13,145.92,135.97,996.19,101.37,130.23,186.67,139.59,53.74,48.66,44.7,148.92,77.38,121.01,62.4
8/2/2017,60.2,50.45,114.48,157.14,70.71,91.27,49.23,128.62,147.13,78.82,42.49,115.25,240.44,109.13,56.73,70.93,11.05,154.74,81.16,250.18,65.9,45.49,103.84,59.02,47.51,119.45,167.99,85.64,94.16,80.85,137.97,42.73,13.37,64.23,180.67,174.46,145.52,137.97,995.89,99.74,127.48,188.95,139.23,54.43,47.91,44.66,148.11,77.84,120.52,61.45
8/3/2017,60.37,50.55,110.53,155.57,70.99,81.71,49.16,130.02,147.79,77.94,42.62,111.77,239.99,107.88,57,71.2,11.12,158.54,80.97,250.36,66.06,45.53,103.84,58.65,48.04,118.8,170.46,84.99,93.93,80.76,136.72,42.7,13.24,64.4,180.18,174.18,146.25,137.15,986.92,97.72,123.39,191.44,138.97,54.26,44.06,43.77,146.92,77.83,120.78,63.97
8/4/2017,60.13,50.8,111.01,156.39,70.99,80.83,49.26,130.2,147.71,77.78,42.59,111.39,239.27,108.39,57.5,70.88,11.08,156.79,81.16,242.65,65.08,45.63,104.94,59.02,47.87,119.6,169.3,85.87,94.22,81.32,136.64,42.82,13.12,64.52,180.64,173.85,147.84,137.57,987.58,97.93,124.32,190.48,138.95,54.93,45.22,44.89,147.22,77.66,120.61,62.01
8/7/2017,60.87,50.58,109.49,158.81,71.22,80.58,49.3,129.68,148.44,78.87,42.44,112.17,238.97,109.82,57.94,71.39,11.1,156.99,81.1,241.22,64.98,45.6,103.89,58.91,47.31,123.08,174.01,86,94.24,81.99,138.33,43.96,13.43,64.19,180.63,174.58,147.29,138.07,992.27,97.17,124.98,190.61,138.77,54.55,44.39,44.37,147.3,77.98,120.58,62.51
8/8/2017,60.14,50,109.39,160.08,71.47,80.33,48.88,129.13,147.81,78.97,42.24,108.51,235.45,108.35,58.43,71.35,11.38,156.27,81.24,239.74,64.57,46.1,104.75,58.81,47.27,115.41,173.62,85.15,94.21,81.37,136.04,43.9,13.11,63.8,181.56,173.69,148.8,136.63,989.84,95.8,124.43,191.98,138.58,54.4,44.12,44.21,145.85,77.97,120.62,61.33
8/9/2017,59.68,49.4,109.18,161.06,72.02,79.8,48.77,129.62,148.35,77.98,42.49,109.66,232.44,107.45,58.08,70.96,11.25,155.58,81.77,237.97,64.01,46,105.02,58.9,47.4,113.16,175.77,84.34,94.7,80.59,136.85,43.81,12.83,63.56,180.53,173.55,147.95,137.85,982.01,95.4,124.76,192.85,140.19,54.03,43.58,44.1,146.25,78.49,120.83,61.38
8/10/2017,58.57,48.55,106.13,155.32,70.44,78.88,48.06,128.24,144.92,76.83,42.12,108.9,222.21,104.98,58.54,71.36,11.38,152.42,80.82,232.2,63,45.74,102.99,58.61,46.31,110.95,171.23,83.79,94.16,78.92,132.3,42.03,12.12,62.74,175.42,169.11,143.79,136.83,956.92,93.83,122.71,189.72,138.85,53.54,42.61,43.7,145.02,77.77,119.89,60.21
8/11/2017,59.33,48.35,107.34,157.48,70.63,80.02,48.54,128.2,146.47,78.04,41.26,108.81,222.64,108.01,57.95,70.56,11.1,152.15,80.75,232.88,62.65,45.55,102.54,58.42,46.37,109.36,173.56,84.47,93.95,79.28,132.93,43.08,12.23,62.58,175.23,169.43,143.36,136.68,967.99,94.42,122.95,189.43,138.39,53.68,42.39,43.54,144.6,77.97,119.55,60.74
8/14/2017,59.62,48.81,109.32,159.85,70.82,80.08,49.08,129.69,149.16,79.9,41.95,109.69,222.41,108.9,58.45,71.05,11.11,155.67,81.25,232.64,62.88,46.18,104.23,58.86,46.82,110.83,174.16,85.09,94.42,79.47,133.96,43.78,12.76,63.12,178.39,171.67,145.14,139.97,983.3,95.2,125.24,191.31,139.66,54.13,41.57,43.02,146.64,79.1,121.74,61.89
8/15/2017,59.38,48.52,87.08,161.6,70.34,80,48.82,129.38,150.36,79.96,42.05,111.58,226.45,109.8,58.83,71.52,11.1,155.76,81.26,231.14,63.03,45.96,103.34,58.72,46.34,111.88,177.97,83.91,94.38,78.95,135.21,43.88,13.02,63.11,178.9,170.04,144.9,139.69,982.74,94.65,126.09,192.99,139.28,54.34,41.54,43.24,146.81,78.91,121.48,61.97
8/16/2017,62.14,48.41,91.51,160.95,70.42,80.03,49.81,130.03,151.8,80.06,42.15,111.1,228.62,110.49,59.14,72.02,11.18,155.9,80.82,227.99,62.97,45.42,102.61,58.91,46.29,113.42,178.46,83.81,94.38,79.29,136.55,44.46,12.63,63.11,178.39,171.39,143.36,141.09,978.18,93.37,128.51,193.35,139.32,54.82,40.63,42.53,148.08,79.32,121.9,62.89
8/17/2017,60.86,46.03,92.85,157.86,69.85,79.94,49.29,127.59,148.23,77.56,41.67,104.68,223.02,107.89,58.91,72,11.01,155.81,79.83,224.77,61.67,45.41,100.32,57.85,45.4,112.11,169.36,80.02,93.33,78.83,134.63,43.12,12.34,62.79,173,167.81,138.74,139.65,960.57,92.72,125.52,191.96,136.7,54.02,39.89,41.72,145.54,78.95,121.67,61.37
8/18/2017,61.25,45.55,93.26,157.5,69.96,78.6,48.74,127.44,147.97,77.74,41.27,104.41,221.27,108.56,59.21,72.16,11.07,154.45,79.84,223.99,61.34,45.15,100.01,57.94,45.36,112.59,168.61,78.45,92.92,78.17,133.4,44.3,12.37,62.94,172.84,167.29,138.8,140,958.47,92.83,125.61,191.02,136.52,53.93,40.31,42.17,145.76,78.42,120.01,62.01
8/21/2017,61.74,45.71,95.19,157.21,70.7,78.04,48.88,128.17,149.26,77.7,41.56,102.89,221.15,109.75,59.26,72.67,11.23,154.74,79.71,222.97,61.29,45.42,99.38,58.13,44.91,113.48,167.98,77.98,92.72,77.48,133.43,43.31,12.05,62.38,172.05,168.16,137.46,141.28,953.29,92.75,126.58,192.97,138.17,53.75,39.52,42.05,145.15,78.71,121.09,61.78
8/22/2017,62.96,45.41,95.8,159.78,71.75,79.23,49.71,129.31,152.25,79.17,41.72,103.72,222.88,111.01,59.91,72.81,11.35,156.66,80.17,223.75,61.22,45.38,99.9,58.62,45.81,115.82,172.55,77.11,93.77,78.08,138.2,44.45,12.17,62.94,175.4,170.07,138.79,142.09,966.9,93.43,129,194.95,139.57,54.42,39.89,42.27,145.95,79.7,120.06,64.26
8/23/2017,62.77,43.97,93.54,159.98,71.52,78.14,49.64,128.36,151.1,79.07,41.77,103.46,220.83,110.65,60.25,73.31,11.35,156.59,80.06,222.27,60.77,45.9,100.06,58.21,45.42,115.39,172.85,74.91,93.18,77.09,135.67,44.02,12.48,62.46,174.19,169,138.51,142.84,958,93.95,127.26,195.23,138.22,54.21,40.24,42.98,145.16,79.4,120.95,64.01
8/24/2017,62.68,42.92,93.1,159.27,72.11,78.4,49.38,128.67,150.81,79.27,41.08,104.59,222.9,110.61,60.26,73.39,11.4,156.15,80.39,223.7,60.23,45.84,98.22,58.31,45.23,114.86,175.31,73.52,91.54,77.15,137.78,43.72,12.5,62.51,174.73,169.95,138.4,143.8,952.45,95.05,127.13,192.9,137.78,53.46,40.03,42.65,145.23,79.39,121.27,63.43
8/25/2017,62.9,45.25,95.8,159.86,72.48,78.1,49.35,129.39,151.45,78.97,41.75,104.59,222.02,114.97,60.37,73.57,11.43,156.1,80.91,221.81,60.78,45.75,98.49,58.38,44.98,114.95,172.55,75.53,92.02,77.62,137.54,43.31,12.43,62.52,174.88,169.74,138.61,144.24,945.26,95.48,127.77,192.68,138.05,53.9,40.06,42.36,146.01,79.79,120.49,62.58
8/28/2017,63.46,44.95,94.66,161.47,73.32,78.66,50.26,129.24,151.79,79.44,41.77,104.76,223.68,111.48,60.57,74.1,11.19,156.53,80.8,223.94,60.66,45.51,95.44,58.3,45.14,115.43,175.11,74.31,90.65,78.05,139.02,43.63,12.23,62.38,173.99,171.78,137.75,145.78,946.02,98.55,127.64,193.48,138.38,54.17,39.35,41.27,145.78,79.75,119.3,62.75
8/29/2017,63.49,44.56,95.12,162.91,73.89,78.56,50.15,129.66,152.14,79.55,41.74,105.12,223.64,111.27,60.42,73.94,11.17,156.42,81.71,223.58,60.21,44.97,94.52,58.04,45.71,114.46,173.99,74.38,90.82,77.77,138.38,44.02,12.15,62.57,173.88,172.23,137.38,145.89,954.06,98.81,126.57,193.83,137.9,54.33,38.87,40.71,145.37,80.16,118.65,63.48
8/30/2017,63.9,44.32,96.81,163.35,73.92,78.33,50.11,129.79,153.67,83.72,41.86,105.93,225.09,113.29,60.3,73.75,11.06,156.9,82.06,223.86,60.2,45.39,94.78,57.82,46.47,115.17,174.88,74.13,90.07,78.3,138.45,45.47,12.67,62.68,174.04,173.65,137.2,147.52,967.59,100.62,127.91,191.5,138.15,55.07,38.37,40.52,145.51,80.31,119.4,65.68
8/31/2017,64.72,44.74,97.9,164,75.3,80.25,50.94,130.76,155.16,83.67,41.32,106.47,225.5,114.46,59.99,73.63,11.04,157.7,82.55,229.48,60.48,45.33,94.69,57.9,47.15,116.26,176.74,74.66,90.5,78.71,142.41,45.12,13,63.25,176.69,177.77,138.51,148.05,980.6,100.15,128.82,196.04,139.16,55.69,38.84,40.93,145.37,80.94,121.31,65.56
